UB907121626YP,CNY,5.33,可用余额,0.0,2019-02-16 08:59:42,CHARGE,收款,WI000341025559PR,WOSP订单
UB907122272YP,CNY,5.11,可用余额,0.0,2019-02-16 08:57:27,CHARGE,收款,WI000341019198PR,WOSP订单
UB907122051YP,CNY,4.75,可用余额,0.0,2019-02-16 08:36:54,CHARGE,收款,WI000340967463PR,WOSP订单
UB907120943YP,CNY,5.87,可用余额,0.0,2019-02-16 08:27:24,CHARGE,收款,WI000340943685PR,WOSP订单
UB907122175YP,CNY,5.03,可用余额,0.0,2019-02-16 06:35:39,CHARGE,收款,WI000340783455PR,WOSP订单
WI000095390745EPC,CNY,2.6,可用余额,0.0,2019-02-16 06:32:04,CHARGE,收款,WI000340775589PR,WOSP订单
WI000095390272EPC,CNY,5.72,可用余额,0.0,2019-02-16 06:32:00,CHARGE,收款,WI000340775393PR,WOSP订单
WI000095390666EPC,CNY,5.33,可用余额,0.0,2019-02-16 06:31:05,CHARGE,收款,WI000340771634PR,WOSP订单
UB907122034YP,CNY,5.15,可用余额,0.0,2019-02-16 06:30:00,CHARGE,收款,WI000340766306PR,WOSP订单
UB907121759YP,CNY,4.75,可用余额,0.0,2019-02-16 06:29:52,CHARGE,收款,WI000340765586PR,WOSP订单
UB907382269YP,CNY,5.02,可用余额,0.0,2019-02-16 06:29:02,CHARGE,收款,WI000340764029PR,WOSP订单
UB907121008YP,CNY,7.07,可用余额,0.0,2019-02-16 06:17:46,CHARGE,收款,WI000340754309PR,WOSP订单
UB907121467YP,CNY,3.63,可用余额,0.0,2019-02-16 05:54:09,CHARGE,收款,WI000340726254PR,WOSP订单
UB907131107YP,CNY,5.38,可用余额,0.0,2019-02-16 05:51:46,CHARGE,收款,WI000340720179PR,WOSP订单
US078957908CN,CNY,4.42,可用余额,0.0,2019-02-16 05:06:35,CHARGE,收款,WI000340686677PR,WOSP订单
UB907121935YP,CNY,4.45,可用余额,0.0,2019-02-16 05:02:54,CHARGE,收款,WI000340679297PR,WOSP订单
UB907131075YP,CNY,4.79,可用余额,0.0,2019-02-16 05:00:39,CHARGE,收款,WI000340675563PR,WOSP订单
UB907130968YP,CNY,4.97,可用余额,0.0,2019-02-16 05:00:38,CHARGE,收款,WI000340675549PR,WOSP订单
UB907122374YP,CNY,5.22,可用余额,0.0,2019-02-16 04:59:33,CHARGE,收款,WI000340674055PR,WOSP订单
UB907382136YP,CNY,9.36,可用余额,0.0,2019-02-16 04:58:53,CHARGE,收款,WI000340673501PR,WOSP订单
US074173799CN,CNY,5.19,可用余额,0.0,2019-02-16 04:23:58,CHARGE,收款,WI000340645030PR,WOSP订单
UB907120974YP,CNY,3.75,可用余额,0.0,2019-02-16 04:14:38,CHARGE,收款,WI000340638132PR,WOSP订单
UB907122207YP,CNY,4.69,可用余额,0.0,2019-02-16 04:01:57,CHARGE,收款,WI000340624748PR,WOSP订单
UB907382357YP,CNY,5.93,可用余额,0.0,2019-02-16 03:41:49,CHARGE,收款,WI000340609226PR,WOSP订单
WI000096038645EPC,CNY,4.94,可用余额,0.0,2019-02-15 18:18:26,CHARGE,收款,WI000339949577PR,WOSP订单
WI000096037044EPC,CNY,4.62,可用余额,0.0,2019-02-15 18:16:09,CHARGE,收款,WI000339939457PR,WOSP订单
WI000096036888EPC,CNY,10.79,可用余额,0.0,2019-02-15 18:15:58,CHARGE,收款,WI000339938683PR,WOSP订单
UB902958885YP,CNY,4.9,可用余额,0.0,2019-02-15 17:13:46,CHARGE,收款,WI000339839600PR,WOSP订单
UB902957788YP,CNY,4.77,可用余额,0.0,2019-02-15 17:13:21,CHARGE,收款,WI000339837856PR,WOSP订单
UB902959894YP,CNY,5.03,可用余额,0.0,2019-02-15 17:13:13,CHARGE,收款,WI000339837234PR,WOSP订单
UB902958837YP,CNY,5.53,可用余额,0.0,2019-02-15 17:13:02,CHARGE,收款,WI000339836382PR,WOSP订单
UB902957672YP,CNY,5.15,可用余额,0.0,2019-02-15 17:12:53,CHARGE,收款,WI000339835756PR,WOSP订单
UB895947195YP,CNY,5.38,可用余额,0.0,2019-02-15 17:12:51,CHARGE,收款,WI000339835548PR,WOSP订单
UB902959801YP,CNY,4.9,可用余额,0.0,2019-02-15 17:12:49,CHARGE,收款,WI000339835383PR,WOSP订单
UB895945362YP,CNY,5.46,可用余额,0.0,2019-02-15 17:12:45,CHARGE,收款,WI000339834776PR,WOSP订单
UB873683404YP,CNY,5.63,可用余额,0.0,2019-02-15 17:12:10,CHARGE,收款,WI000339832961PR,WOSP订单
UB873682032YP,CNY,6.1,可用余额,0.0,2019-02-15 17:12:06,CHARGE,收款,WI000339832760PR,WOSP订单
UB902965719YP,CNY,3.83,可用余额,0.0,2019-02-15 17:11:59,CHARGE,收款,WI000339832485PR,WOSP订单
UB902958942YP,CNY,5.38,可用余额,0.0,2019-02-15 17:11:54,CHARGE,收款,WI000339832235PR,WOSP订单
UB902959585YP,CNY,5.02,可用余额,0.0,2019-02-15 17:11:42,CHARGE,收款,WI000339831714PR,WOSP订单
UB902958372YP,CNY,5.47,可用余额,0.0,2019-02-15 17:11:38,CHARGE,收款,WI000339831498PR,WOSP订单
UB895948810YP,CNY,4.25,可用余额,0.0,2019-02-15 17:11:35,CHARGE,收款,WI000339831336PR,WOSP订单
UB902958806YP,CNY,7.29,可用余额,0.0,2019-02-15 17:11:29,CHARGE,收款,WI000339831050PR,WOSP订单
UB902958063YP,CNY,5.31,可用余额,0.0,2019-02-15 17:11:20,CHARGE,收款,WI000339830644PR,WOSP订单
UB902957730YP,CNY,6.63,可用余额,0.0,2019-02-15 17:11:20,CHARGE,收款,WI000339830627PR,WOSP订单
UB902964364YP,CNY,3.74,可用余额,0.0,2019-02-15 17:11:14,CHARGE,收款,WI000339830382PR,WOSP订单
UB882590921YP,CNY,3.75,可用余额,0.0,2019-02-15 17:11:09,CHARGE,收款,WI000339830176PR,WOSP订单
UB882590847YP,CNY,5.15,可用余额,0.0,2019-02-15 17:11:01,CHARGE,收款,WI000339829775PR,WOSP订单
UB873708565YP,CNY,5.72,可用余额,0.0,2019-02-15 17:10:55,CHARGE,收款,WI000339829536PR,WOSP订单
UB882604841YP,CNY,3.74,可用余额,0.0,2019-02-15 17:10:47,CHARGE,收款,WI000339829144PR,WOSP订单
UB873683435YP,CNY,6.02,可用余额,0.0,2019-02-15 17:10:24,CHARGE,收款,WI000339827876PR,WOSP订单
UB902958412YP,CNY,5.38,可用余额,0.0,2019-02-15 17:10:13,CHARGE,收款,WI000339827334PR,WOSP订单
UB873683792YP,CNY,3.33,可用余额,0.0,2019-02-15 17:10:11,CHARGE,收款,WI000339827174PR,WOSP订单
UB873682987YP,CNY,5.12,可用余额,0.0,2019-02-15 17:09:52,CHARGE,收款,WI000339826256PR,WOSP订单
UB873683262YP,CNY,8.66,可用余额,0.0,2019-02-15 17:09:50,CHARGE,收款,WI000339826184PR,WOSP订单
UB902958409YP,CNY,9.32,可用余额,0.0,2019-02-15 17:09:36,CHARGE,收款,WI000339825549PR,WOSP订单
UB882592746YP,CNY,4.9,可用余额,0.0,2019-02-15 17:09:33,CHARGE,收款,WI000339825460PR,WOSP订单
UB902957709YP,CNY,6.96,可用余额,0.0,2019-02-15 17:09:30,CHARGE,收款,WI000339825286PR,WOSP订单
UB895949466YP,CNY,5.0,可用余额,0.0,2019-02-15 17:09:30,CHARGE,收款,WI000339825273PR,WOSP订单
UB882593185YP,CNY,5.38,可用余额,0.0,2019-02-15 17:09:28,CHARGE,收款,WI000339825221PR,WOSP订单
UB902958783YP,CNY,3.63,可用余额,0.0,2019-02-15 17:09:26,CHARGE,收款,WI000339825129PR,WOSP订单
UB882592701YP,CNY,5.27,可用余额,0.0,2019-02-15 17:08:38,CHARGE,收款,WI000339823045PR,WOSP订单
UB873682559YP,CNY,4.03,可用余额,0.0,2019-02-15 17:08:36,CHARGE,收款,WI000339822946PR,WOSP订单
UB882589591YP,CNY,5.0,可用余额,0.0,2019-02-15 17:08:28,CHARGE,收款,WI000339822590PR,WOSP订单
UB895949656YP,CNY,4.52,可用余额,0.0,2019-02-15 17:08:26,CHARGE,收款,WI000339822459PR,WOSP订单
UB902958823YP,CNY,5.63,可用余额,0.0,2019-02-15 17:08:25,CHARGE,收款,WI000339822417PR,WOSP订单
UB882592658YP,CNY,5.03,可用余额,0.0,2019-02-15 17:08:11,CHARGE,收款,WI000339821783PR,WOSP订单
UB905526671YP,CNY,9.8,可用余额,0.0,2019-02-15 17:08:06,CHARGE,收款,WI000339821576PR,WOSP订单
UB902958046YP,CNY,5.13,可用余额,0.0,2019-02-15 17:08:00,CHARGE,收款,WI000339821323PR,WOSP订单
UB902959611YP,CNY,4.18,可用余额,0.0,2019-02-15 17:07:53,CHARGE,收款,WI000339821036PR,WOSP订单
UB902959381YP,CNY,5.38,可用余额,0.0,2019-02-15 17:07:48,CHARGE,收款,WI000339820785PR,WOSP订单
UB873682749YP,CNY,6.05,可用余额,0.0,2019-02-15 17:07:34,CHARGE,收款,WI000339820243PR,WOSP订单
UB895946558YP,CNY,4.91,可用余额,0.0,2019-02-15 17:07:09,CHARGE,收款,WI000339819122PR,WOSP订单
UB902959789YP,CNY,4.79,可用余额,0.0,2019-02-15 17:06:51,CHARGE,收款,WI000339818214PR,WOSP订单
UB873683086YP,CNY,4.79,可用余额,0.0,2019-02-15 17:06:45,CHARGE,收款,WI000339817961PR,WOSP订单
UB882597329YP,CNY,11.31,可用余额,0.0,2019-02-15 17:06:38,CHARGE,收款,WI000339817681PR,WOSP订单
UB882591958YP,CNY,10.75,可用余额,0.0,2019-02-15 17:06:36,CHARGE,收款,WI000339817602PR,WOSP订单
UB905526892YP,CNY,5.32,可用余额,0.0,2019-02-15 17:06:27,CHARGE,收款,WI000339817219PR,WOSP订单
UB905526668YP,CNY,5.72,可用余额,0.0,2019-02-15 17:06:18,CHARGE,收款,WI000339816761PR,WOSP订单
UB905526773YP,CNY,5.38,可用余额,0.0,2019-02-15 17:06:16,CHARGE,收款,WI000339816681PR,WOSP订单
UB882594614YP,CNY,4.69,可用余额,0.0,2019-02-15 17:06:09,CHARGE,收款,WI000339816331PR,WOSP订单
UB873683571YP,CNY,5.2,可用余额,0.0,2019-02-15 17:06:07,CHARGE,收款,WI000339816232PR,WOSP订单
UB905527059YP,CNY,5.03,可用余额,0.0,2019-02-15 17:06:05,CHARGE,收款,WI000339816133PR,WOSP订单
UB882590674YP,CNY,4.33,可用余额,0.0,2019-02-15 17:05:47,CHARGE,收款,WI000339815367PR,WOSP订单
UB873682267YP,CNY,5.25,可用余额,0.0,2019-02-15 17:05:47,CHARGE,收款,WI000339815357PR,WOSP订单
UB905527005YP,CNY,5.0,可用余额,0.0,2019-02-15 17:05:39,CHARGE,收款,WI000339814983PR,WOSP订单
UB895945566YP,CNY,10.53,可用余额,0.0,2019-02-15 17:05:09,CHARGE,收款,WI000339813269PR,WOSP订单
UB902958956YP,CNY,4.68,可用余额,0.0,2019-02-15 17:04:55,CHARGE,收款,WI000339812483PR,WOSP订单
UB882589512YP,CNY,5.32,可用余额,0.0,2019-02-15 17:04:51,CHARGE,收款,WI000339812290PR,WOSP订单
UB873683007YP,CNY,4.62,可用余额,0.0,2019-02-15 17:04:50,CHARGE,收款,WI000339812228PR,WOSP订单
UB882592882YP,CNY,5.03,可用余额,0.0,2019-02-15 17:04:47,CHARGE,收款,WI000339812053PR,WOSP订单
UB895946076YP,CNY,9.24,可用余额,0.0,2019-02-15 17:04:32,CHARGE,收款,WI000339811195PR,WOSP订单
UB902959625YP,CNY,12.75,可用余额,0.0,2019-02-15 17:04:29,CHARGE,收款,WI000339810970PR,WOSP订单
UB902959109YP,CNY,8.1,可用余额,0.0,2019-02-15 17:04:20,CHARGE,收款,WI000339810397PR,WOSP订单
UB902957598YP,CNY,5.15,可用余额,0.0,2019-02-15 17:04:19,CHARGE,收款,WI000339810332PR,WOSP订单
UB882593358YP,CNY,4.72,可用余额,0.0,2019-02-15 17:04:18,CHARGE,收款,WI000339810271PR,WOSP订单
UB902958094YP,CNY,12.15,可用余额,0.0,2019-02-15 17:04:18,CHARGE,收款,WI000339810218PR,WOSP订单
UB882593525YP,CNY,4.18,可用余额,0.0,2019-02-15 17:04:13,CHARGE,收款,WI000339809890PR,WOSP订单
UB882590011YP,CNY,7.87,可用余额,0.0,2019-02-15 17:04:02,CHARGE,收款,WI000339809069PR,WOSP订单
UB882604719YP,CNY,6.87,可用余额,0.0,2019-02-15 17:03:53,CHARGE,收款,WI000339808472PR,WOSP订单
UB873683191YP,CNY,4.73,可用余额,0.0,2019-02-15 17:03:42,CHARGE,收款,WI000339807734PR,WOSP订单
UB895944906YP,CNY,5.38,可用余额,0.0,2019-02-15 17:03:33,CHARGE,收款,WI000339807031PR,WOSP订单
UB902959815YP,CNY,5.46,可用余额,0.0,2019-02-15 17:03:32,CHARGE,收款,WI000339806982PR,WOSP订单
UB905526742YP,CNY,15.49,可用余额,0.0,2019-02-15 17:03:29,CHARGE,收款,WI000339806769PR,WOSP订单
UB882590201YP,CNY,5.61,可用余额,0.0,2019-02-15 17:03:24,CHARGE,收款,WI000339806431PR,WOSP订单
UB873682647YP,CNY,5.5,可用余额,0.0,2019-02-15 17:03:20,CHARGE,收款,WI000339806195PR,WOSP订单
UB882596725YP,CNY,4.2,可用余额,0.0,2019-02-15 17:03:16,CHARGE,收款,WI000339805962PR,WOSP订单
UB882592511YP,CNY,5.15,可用余额,0.0,2019-02-15 17:03:15,CHARGE,收款,WI000339805847PR,WOSP订单
UB873683744YP,CNY,4.72,可用余额,0.0,2019-02-15 17:03:15,CHARGE,收款,WI000339805840PR,WOSP订单
UB902957757YP,CNY,5.2,可用余额,0.0,2019-02-15 17:03:05,CHARGE,收款,WI000339805203PR,WOSP订单
UB902957451YP,CNY,4.45,可用余额,0.0,2019-02-15 17:03:04,CHARGE,收款,WI000339805162PR,WOSP订单
UB902964608YP,CNY,5.31,可用余额,0.0,2019-02-15 17:03:04,CHARGE,收款,WI000339805140PR,WOSP订单
UB902960172YP,CNY,5.2,可用余额,0.0,2019-02-15 17:03:01,CHARGE,收款,WI000339804936PR,WOSP订单
UB882592573YP,CNY,5.0,可用余额,0.0,2019-02-15 17:02:42,CHARGE,收款,WI000339803545PR,WOSP订单
UB873682655YP,CNY,1.43,可用余额,0.0,2019-02-15 17:02:34,CHARGE,收款,WI000339802954PR,WOSP订单
UB905526711YP,CNY,4.41,可用余额,0.0,2019-02-15 17:02:32,CHARGE,收款,WI000339802810PR,WOSP订单
UB895948647YP,CNY,5.15,可用余额,0.0,2019-02-15 17:02:21,CHARGE,收款,WI000339802301PR,WOSP订单
UB895944945YP,CNY,11.31,可用余额,0.0,2019-02-15 17:02:14,CHARGE,收款,WI000339801923PR,WOSP订单
UB902958341YP,CNY,5.25,可用余额,0.0,2019-02-15 17:01:59,CHARGE,收款,WI000339801223PR,WOSP订单
UB895947536YP,CNY,5.03,可用余额,0.0,2019-02-15 17:01:57,CHARGE,收款,WI000339801183PR,WOSP订单
UB882595230YP,CNY,5.03,可用余额,0.0,2019-02-15 17:01:56,CHARGE,收款,WI000339801149PR,WOSP订单
UB882596399YP,CNY,5.29,可用余额,0.0,2019-02-15 17:01:56,CHARGE,收款,WI000339801121PR,WOSP订单
UB882593327YP,CNY,10.24,可用余额,0.0,2019-02-15 17:01:55,CHARGE,收款,WI000339801074PR,WOSP订单
UB882594530YP,CNY,9.5,可用余额,0.0,2019-02-15 17:01:49,CHARGE,收款,WI000339800818PR,WOSP订单
UB902958620YP,CNY,4.31,可用余额,0.0,2019-02-15 17:01:44,CHARGE,收款,WI000339800612PR,WOSP订单
UB902958766YP,CNY,5.2,可用余额,0.0,2019-02-15 17:01:42,CHARGE,收款,WI000339800519PR,WOSP订单
UB882596836YP,CNY,5.13,可用余额,0.0,2019-02-15 17:01:37,CHARGE,收款,WI000339800257PR,WOSP订单
UB895947329YP,CNY,11.18,可用余额,0.0,2019-02-15 17:01:26,CHARGE,收款,WI000339799709PR,WOSP订单
UB882592998YP,CNY,5.47,可用余额,0.0,2019-02-15 17:01:26,CHARGE,收款,WI000339799704PR,WOSP订单
UB873682837YP,CNY,6.13,可用余额,0.0,2019-02-15 17:01:24,CHARGE,收款,WI000339799591PR,WOSP订单
UB895948678YP,CNY,8.88,可用余额,0.0,2019-02-15 17:01:24,CHARGE,收款,WI000339799581PR,WOSP订单
UB873682182YP,CNY,3.45,可用余额,0.0,2019-02-15 17:01:20,CHARGE,收款,WI000339799357PR,WOSP订单
UB895946677YP,CNY,4.62,可用余额,0.0,2019-02-15 17:01:17,CHARGE,收款,WI000339798759PR,WOSP订单
UB902958531YP,CNY,4.8,可用余额,0.0,2019-02-15 17:01:16,CHARGE,收款,WI000339798675PR,WOSP订单
UB902959483YP,CNY,4.88,可用余额,0.0,2019-02-15 17:01:16,CHARGE,收款,WI000339799006PR,WOSP订单
UB882590396YP,CNY,5.25,可用余额,0.0,2019-02-15 17:01:13,CHARGE,收款,WI000339798986PR,WOSP订单
UB882590246YP,CNY,5.15,可用余额,0.0,2019-02-15 17:00:42,CHARGE,收款,WI000339797464PR,WOSP订单
UB882589971YP,CNY,5.62,可用余额,0.0,2019-02-15 17:00:39,CHARGE,收款,WI000339797269PR,WOSP订单
UB882591357YP,CNY,7.55,可用余额,0.0,2019-02-15 17:00:34,CHARGE,收款,WI000339797035PR,WOSP订单
UB895946685YP,CNY,4.33,可用余额,0.0,2019-02-15 17:00:27,CHARGE,收款,WI000339796656PR,WOSP订单
UB882592202YP,CNY,5.15,可用余额,0.0,2019-02-15 17:00:21,CHARGE,收款,WI000339796108PR,WOSP订单
UB902959656YP,CNY,5.32,可用余额,0.0,2019-02-15 17:00:17,CHARGE,收款,WI000339795589PR,WOSP订单
UB902958117YP,CNY,4.66,可用余额,0.0,2019-02-15 17:00:12,CHARGE,收款,WI000339794942PR,WOSP订单
UB902959965YP,CNY,5.19,可用余额,0.0,2019-02-15 17:00:08,CHARGE,收款,WI000339794294PR,WOSP订单
UB873682806YP,CNY,4.21,可用余额,0.0,2019-02-15 17:00:07,CHARGE,收款,WI000339794218PR,WOSP订单
UB895949435YP,CNY,4.77,可用余额,0.0,2019-02-15 16:59:52,CHARGE,收款,WI000339793337PR,WOSP订单
UB902959069YP,CNY,4.45,可用余额,0.0,2019-02-15 16:59:44,CHARGE,收款,WI000339793026PR,WOSP订单
UB882592499YP,CNY,5.32,可用余额,0.0,2019-02-15 16:59:31,CHARGE,收款,WI000339792442PR,WOSP订单
UB873683276YP,CNY,4.62,可用余额,0.0,2019-02-15 16:59:27,CHARGE,收款,WI000339792296PR,WOSP订单
UB873689101YP,CNY,4.48,可用余额,0.0,2019-02-15 16:59:27,CHARGE,收款,WI000339792285PR,WOSP订单
UB902957690YP,CNY,5.15,可用余额,0.0,2019-02-15 16:59:27,CHARGE,收款,WI000339792265PR,WOSP订单
UB873682752YP,CNY,9.32,可用余额,0.0,2019-02-15 16:59:26,CHARGE,收款,WI000339792250PR,WOSP订单
UB882590688YP,CNY,5.07,可用余额,0.0,2019-02-15 16:59:22,CHARGE,收款,WI000339792091PR,WOSP订单
UB902959775YP,CNY,4.84,可用余额,0.0,2019-02-15 16:59:20,CHARGE,收款,WI000339792013PR,WOSP订单
UB882591621YP,CNY,4.83,可用余额,0.0,2019-02-15 16:59:16,CHARGE,收款,WI000339791842PR,WOSP订单
UB882593199YP,CNY,4.77,可用余额,0.0,2019-02-15 16:59:14,CHARGE,收款,WI000339791757PR,WOSP订单
UB882590780YP,CNY,5.07,可用余额,0.0,2019-02-15 16:59:00,CHARGE,收款,WI000339791320PR,WOSP订单
UB902957726YP,CNY,5.3,可用余额,0.0,2019-02-15 16:58:50,CHARGE,收款,WI000339790987PR,WOSP订单
UB902958925YP,CNY,5.02,可用余额,0.0,2019-02-15 16:58:50,CHARGE,收款,WI000339790955PR,WOSP订单
UB873690161YP,CNY,3.83,可用余额,0.0,2019-02-15 16:58:49,CHARGE,收款,WI000339790950PR,WOSP订单
UB882590952YP,CNY,2.59,可用余额,0.0,2019-02-15 16:58:44,CHARGE,收款,WI000339790734PR,WOSP订单
UB882595835YP,CNY,5.61,可用余额,0.0,2019-02-15 16:58:44,CHARGE,收款,WI000339790725PR,WOSP订单
UB882595172YP,CNY,4.77,可用余额,0.0,2019-02-15 16:58:32,CHARGE,收款,WI000339790170PR,WOSP订单
UB873689035YP,CNY,3.74,可用余额,0.0,2019-02-15 16:58:30,CHARGE,收款,WI000339790111PR,WOSP订单
UB895946748YP,CNY,5.5,可用余额,0.0,2019-02-15 16:58:24,CHARGE,收款,WI000339789962PR,WOSP订单
UB902958324YP,CNY,5.13,可用余额,0.0,2019-02-15 16:57:50,CHARGE,收款,WI000339788812PR,WOSP订单
UB895948593YP,CNY,3.08,可用余额,0.0,2019-02-15 16:57:49,CHARGE,收款,WI000339788762PR,WOSP订单
UB882597085YP,CNY,5.5,可用余额,0.0,2019-02-15 16:57:11,CHARGE,收款,WI000339787270PR,WOSP订单
UB873683418YP,CNY,5.5,可用余额,0.0,2019-02-15 16:57:02,CHARGE,收款,WI000339786922PR,WOSP订单
UB895946425YP,CNY,5.2,可用余额,0.0,2019-02-15 16:56:57,CHARGE,收款,WI000339786708PR,WOSP订单
UB882594954YP,CNY,6.05,可用余额,0.0,2019-02-15 16:56:51,CHARGE,收款,WI000339786453PR,WOSP订单
UB902958908YP,CNY,5.2,可用余额,0.0,2019-02-15 16:56:14,CHARGE,收款,WI000339785094PR,WOSP订单
UB895946204YP,CNY,5.02,可用余额,0.0,2019-02-15 16:55:54,CHARGE,收款,WI000339784356PR,WOSP订单
UB895949293YP,CNY,5.49,可用余额,0.0,2019-02-15 16:55:51,CHARGE,收款,WI000339784205PR,WOSP订单
UB882592091YP,CNY,5.0,可用余额,0.0,2019-02-15 16:55:50,CHARGE,收款,WI000339784183PR,WOSP订单
UB882592905YP,CNY,4.56,可用余额,0.0,2019-02-15 16:55:34,CHARGE,收款,WI000339783233PR,WOSP订单
UB882590630YP,CNY,5.5,可用余额,0.0,2019-02-15 16:55:32,CHARGE,收款,WI000339783160PR,WOSP订单
UB882596938YP,CNY,5.9,可用余额,0.0,2019-02-15 16:55:30,CHARGE,收款,WI000339783061PR,WOSP订单
UB882597292YP,CNY,5.72,可用余额,0.0,2019-02-15 16:55:19,CHARGE,收款,WI000339782500PR,WOSP订单
UB902959846YP,CNY,6.37,可用余额,0.0,2019-02-15 16:55:13,CHARGE,收款,WI000339782147PR,WOSP订单
UB882589781YP,CNY,5.27,可用余额,0.0,2019-02-15 16:55:10,CHARGE,收款,WI000339781988PR,WOSP订单
UB882592247YP,CNY,5.2,可用余额,0.0,2019-02-15 16:55:02,CHARGE,收款,WI000339781642PR,WOSP订单
UB882596535YP,CNY,5.64,可用余额,0.0,2019-02-15 16:54:57,CHARGE,收款,WI000339781373PR,WOSP订单
UB905526760YP,CNY,4.99,可用余额,0.0,2019-02-15 16:54:57,CHARGE,收款,WI000339781361PR,WOSP订单
UB882589248YP,CNY,5.2,可用余额,0.0,2019-02-15 16:54:41,CHARGE,收款,WI000339780462PR,WOSP订单
UB905527062YP,CNY,5.02,可用余额,0.0,2019-02-15 16:54:25,CHARGE,收款,WI000339779687PR,WOSP订单
UB873683863YP,CNY,6.02,可用余额,0.0,2019-02-15 16:54:18,CHARGE,收款,WI000339779279PR,WOSP订单
UB882588769YP,CNY,4.84,可用余额,0.0,2019-02-15 16:54:04,CHARGE,收款,WI000339778381PR,WOSP订单
UB902964293YP,CNY,3.83,可用余额,0.0,2019-02-15 16:54:00,CHARGE,收款,WI000339778114PR,WOSP订单
UB902958275YP,CNY,5.38,可用余额,0.0,2019-02-15 16:53:34,CHARGE,收款,WI000339776604PR,WOSP订单
UB873682576YP,CNY,4.64,可用余额,0.0,2019-02-15 16:53:14,CHARGE,收款,WI000339775443PR,WOSP订单
UB905530530YP,CNY,5.19,可用余额,0.0,2019-02-15 16:53:14,CHARGE,收款,WI000339775434PR,WOSP订单
UB882595950YP,CNY,5.18,可用余额,0.0,2019-02-15 16:53:04,CHARGE,收款,WI000339774748PR,WOSP订单
UB882597139YP,CNY,5.39,可用余额,0.0,2019-02-15 16:52:55,CHARGE,收款,WI000339774183PR,WOSP订单
UB902957607YP,CNY,5.98,可用余额,0.0,2019-02-15 16:52:41,CHARGE,收款,WI000339773346PR,WOSP订单
UB873683466YP,CNY,4.88,可用余额,0.0,2019-02-15 16:52:39,CHARGE,收款,WI000339773264PR,WOSP订单
UB873689075YP,CNY,3.31,可用余额,0.0,2019-02-15 16:52:29,CHARGE,收款,WI000339772760PR,WOSP订单
UB882592848YP,CNY,5.92,可用余额,0.0,2019-02-15 16:52:19,CHARGE,收款,WI000339772376PR,WOSP订单
UB882594755YP,CNY,5.15,可用余额,0.0,2019-02-15 16:52:18,CHARGE,收款,WI000339772340PR,WOSP订单
UB873682134YP,CNY,5.5,可用余额,0.0,2019-02-15 16:52:06,CHARGE,收款,WI000339771964PR,WOSP订单
UB882595447YP,CNY,5.38,可用余额,0.0,2019-02-15 16:51:44,CHARGE,收款,WI000339771219PR,WOSP订单
UB873683316YP,CNY,5.2,可用余额,0.0,2019-02-15 16:51:37,CHARGE,收款,WI000339770944PR,WOSP订单
UB873682664YP,CNY,5.08,可用余额,0.0,2019-02-15 16:51:31,CHARGE,收款,WI000339770676PR,WOSP订单
UB895983224YP,CNY,3.74,可用余额,0.0,2019-02-15 16:50:51,CHARGE,收款,WI000339769092PR,WOSP订单
UB873682443YP,CNY,5.72,可用余额,0.0,2019-02-15 16:50:48,CHARGE,收款,WI000339768974PR,WOSP订单
UB873683165YP,CNY,7.64,可用余额,0.0,2019-02-15 16:50:42,CHARGE,收款,WI000339768744PR,WOSP订单
UB902957880YP,CNY,4.45,可用余额,0.0,2019-02-15 16:50:42,CHARGE,收款,WI000339768705PR,WOSP订单
UB873683112YP,CNY,8.97,可用余额,0.0,2019-02-15 16:50:24,CHARGE,收款,WI000339767897PR,WOSP订单
UB902964378YP,CNY,5.28,可用余额,0.0,2019-02-15 16:50:23,CHARGE,收款,WI000339767835PR,WOSP订单
UB882604435YP,CNY,3.83,可用余额,0.0,2019-02-15 16:50:23,CHARGE,收款,WI000339767836PR,WOSP订单
UB882595314YP,CNY,5.15,可用余额,0.0,2019-02-15 16:50:22,CHARGE,收款,WI000339767778PR,WOSP订单
UB895947709YP,CNY,5.09,可用余额,0.0,2019-02-15 16:49:43,CHARGE,收款,WI000339766226PR,WOSP订单
UB873682908YP,CNY,4.33,可用余额,0.0,2019-02-15 16:49:34,CHARGE,收款,WI000339765935PR,WOSP订单
UB895945699YP,CNY,3.66,可用余额,0.0,2019-02-15 16:49:28,CHARGE,收款,WI000339765715PR,WOSP订单
UB902959687YP,CNY,6.24,可用余额,0.0,2019-02-15 16:49:26,CHARGE,收款,WI000339765648PR,WOSP订单
UB902957465YP,CNY,4.95,可用余额,0.0,2019-02-15 16:49:03,CHARGE,收款,WI000339764672PR,WOSP订单
UB902957394YP,CNY,5.0,可用余额,0.0,2019-02-15 16:49:01,CHARGE,收款,WI000339764543PR,WOSP订单
UB895945420YP,CNY,6.58,可用余额,0.0,2019-02-15 16:48:59,CHARGE,收款,WI000339764508PR,WOSP订单
UB873682797YP,CNY,5.25,可用余额,0.0,2019-02-15 16:48:38,CHARGE,收款,WI000339763639PR,WOSP订单
UB905527155YP,CNY,5.75,可用余额,0.0,2019-02-15 16:48:38,CHARGE,收款,WI000339763624PR,WOSP订单
UB895944954YP,CNY,7.71,可用余额,0.0,2019-02-15 16:48:32,CHARGE,收款,WI000339763375PR,WOSP订单
UB902957947YP,CNY,4.52,可用余额,0.0,2019-02-15 16:48:30,CHARGE,收款,WI000339763258PR,WOSP订单
UB895947006YP,CNY,4.75,可用余额,0.0,2019-02-15 16:48:20,CHARGE,收款,WI000339762851PR,WOSP订单
UB902958576YP,CNY,3.82,可用余额,0.0,2019-02-15 16:48:08,CHARGE,收款,WI000339762422PR,WOSP订单
UB895948868YP,CNY,5.59,可用余额,0.0,2019-02-15 16:48:08,CHARGE,收款,WI000339762412PR,WOSP订单
UB902960226YP,CNY,5.32,可用余额,0.0,2019-02-15 16:48:05,CHARGE,收款,WI000339762342PR,WOSP订单
UB905527178YP,CNY,4.94,可用余额,0.0,2019-02-15 16:48:03,CHARGE,收款,WI000339762255PR,WOSP订单
UB882589702YP,CNY,2.21,可用余额,0.0,2019-02-15 16:47:59,CHARGE,收款,WI000339762105PR,WOSP订单
UB905530631YP,CNY,3.83,可用余额,0.0,2019-02-15 16:47:58,CHARGE,收款,WI000339762070PR,WOSP订单
UB882597037YP,CNY,1.43,可用余额,0.0,2019-02-15 16:47:57,CHARGE,收款,WI000339762031PR,WOSP订单
UB902957981YP,CNY,5.59,可用余额,0.0,2019-02-15 16:47:57,CHARGE,收款,WI000339762029PR,WOSP订单
UB882592936YP,CNY,5.2,可用余额,0.0,2019-02-15 16:47:56,CHARGE,收款,WI000339761975PR,WOSP订单
UB882596425YP,CNY,4.63,可用余额,0.0,2019-02-15 16:47:43,CHARGE,收款,WI000339761483PR,WOSP订单
UB882593110YP,CNY,4.6,可用余额,0.0,2019-02-15 16:47:43,CHARGE,收款,WI000339761478PR,WOSP订单
UB895946266YP,CNY,5.32,可用余额,0.0,2019-02-15 16:47:42,CHARGE,收款,WI000339761401PR,WOSP订单
UB895946629YP,CNY,5.38,可用余额,0.0,2019-02-15 16:47:35,CHARGE,收款,WI000339761187PR,WOSP订单
UB882591374YP,CNY,5.03,可用余额,0.0,2019-02-15 16:47:32,CHARGE,收款,WI000339761025PR,WOSP订单
UB873682704YP,CNY,5.19,可用余额,0.0,2019-02-15 16:47:30,CHARGE,收款,WI000339760957PR,WOSP订单
UB895945901YP,CNY,8.66,可用余额,0.0,2019-02-15 16:47:27,CHARGE,收款,WI000339760859PR,WOSP订单
UB873682939YP,CNY,5.03,可用余额,0.0,2019-02-15 16:47:22,CHARGE,收款,WI000339760664PR,WOSP订单
UB882592057YP,CNY,9.92,可用余额,0.0,2019-02-15 16:47:19,CHARGE,收款,WI000339760554PR,WOSP订单
UB873682899YP,CNY,5.69,可用余额,0.0,2019-02-15 16:47:19,CHARGE,收款,WI000339760545PR,WOSP订单
UB895947920YP,CNY,4.1,可用余额,0.0,2019-02-15 16:47:08,CHARGE,收款,WI000339760151PR,WOSP订单
UB882591799YP,CNY,5.49,可用余额,0.0,2019-02-15 16:47:02,CHARGE,收款,WI000339759964PR,WOSP订单
UB895945169YP,CNY,4.55,可用余额,0.0,2019-02-15 16:46:48,CHARGE,收款,WI000339759499PR,WOSP订单
UB895946898YP,CNY,5.03,可用余额,0.0,2019-02-15 16:46:39,CHARGE,收款,WI000339759193PR,WOSP订单
UB873683585YP,CNY,5.5,可用余额,0.0,2019-02-15 16:46:35,CHARGE,收款,WI000339759060PR,WOSP订单
UB873683333YP,CNY,5.15,可用余额,0.0,2019-02-15 16:46:27,CHARGE,收款,WI000339758771PR,WOSP订单
UB895946337YP,CNY,5.57,可用余额,0.0,2019-02-15 16:46:16,CHARGE,收款,WI000339758360PR,WOSP订单
UB873683378YP,CNY,5.45,可用余额,0.0,2019-02-15 16:45:57,CHARGE,收款,WI000339757704PR,WOSP订单
UB902957575YP,CNY,4.95,可用余额,0.0,2019-02-15 16:45:41,CHARGE,Charge,WI000339757150PR,WOSP订单
UB905526844YP,CNY,5.13,可用余额,0.0,2019-02-15 16:45:30,CHARGE,Charge,WI000339756705PR,WOSP Order
UB895947275YP,CNY,4.45,可用余额,0.0,2019-02-15 16:45:24,CHARGE,Charge,WI000339756462PR,WOSP Order
UB902957479YP,CNY,4.9,可用余额,0.0,2019-02-15 16:45:15,CHARGE,Charge,WI000339755981PR,WOSP Order
UB902957831YP,CNY,5.09,可用余额,0.0,2019-02-15 16:45:11,CHARGE,Charge,WI000339755812PR,WOSP Order
UB882595291YP,CNY,4.59,可用余额,0.0,2019-02-15 16:44:43,CHARGE,Charge,WI000339754478PR,WOSP Order
UB882595098YP,CNY,4.88,可用余额,0.0,2019-02-15 16:44:35,CHARGE,Charge,WI000339754082PR,WOSP Order
UB882594849YP,CNY,5.02,可用余额,0.0,2019-02-15 16:44:25,CHARGE,Charge,WI000339753510PR,WOSP Order
UB895950760YP,CNY,16.96,可用余额,0.0,2019-02-15 16:44:23,CHARGE,Charge,WI000339753405PR,WOSP Order
UB882592729YP,CNY,4.75,可用余额,0.0,2019-02-15 16:43:49,CHARGE,Charge,WI000339751519PR,WOSP Order
UB902960190YP,CNY,4.77,可用余额,0.0,2019-02-15 16:43:47,CHARGE,Charge,WI000339751427PR,WOSP Order
UB882591502YP,CNY,9.09,可用余额,0.0,2019-02-15 16:43:27,CHARGE,Charge,WI000339750399PR,WOSP Order
UB902964506YP,CNY,3.74,可用余额,0.0,2019-02-15 16:43:16,CHARGE,Charge,WI000339749788PR,WOSP Order
UB902957995YP,CNY,5.75,可用余额,0.0,2019-02-15 16:43:14,CHARGE,Charge,WI000339749690PR,WOSP Order
UB873682165YP,CNY,5.62,可用余额,0.0,2019-02-15 16:42:57,CHARGE,Charge,WI000339748542PR,WOSP Order
UB902964191YP,CNY,3.74,可用余额,0.0,2019-02-15 16:42:51,CHARGE,Charge,WI000339748161PR,WOSP Order
UB882592370YP,CNY,5.28,可用余额,0.0,2019-02-15 16:42:43,CHARGE,Charge,WI000339747530PR,WOSP Order
UB896003657YP,CNY,5.72,可用余额,0.0,2019-02-15 16:42:04,CHARGE,Charge,WI000339745785PR,WOSP Order
UB873682695YP,CNY,2.94,可用余额,0.0,2019-02-15 16:41:34,CHARGE,Charge,WI000339744740PR,WOSP Order
UB873682222YP,CNY,5.5,可用余额,0.0,2019-02-15 16:41:33,CHARGE,Charge,WI000339744716PR,WOSP Order
UB882591269YP,CNY,5.5,可用余额,0.0,2019-02-15 16:41:21,CHARGE,Charge,WI000339744255PR,WOSP Order
UB902957712YP,CNY,4.91,可用余额,0.0,2019-02-15 16:41:11,CHARGE,Charge,WI000339743940PR,WOSP Order
UB873683801YP,CNY,3.83,可用余额,0.0,2019-02-15 16:41:07,CHARGE,Charge,WI000339743771PR,WOSP Order
UB895945950YP,CNY,13.22,可用余额,0.0,2019-02-15 16:41:00,CHARGE,Charge,WI000339743530PR,WOSP Order
VR048904005YP,CNY,30.5,可用余额,0.0,2019-02-15 16:40:57,CHARGE,Charge,WI000339743444PR,WOSP Order
UB895983184YP,CNY,9.83,可用余额,0.0,2019-02-15 16:40:57,CHARGE,Charge,WI000339743434PR,WOSP Order
UB873682219YP,CNY,5.0,可用余额,0.0,2019-02-15 16:40:42,CHARGE,Charge,WI000339742837PR,WOSP Order
UB902960257YP,CNY,1.71,可用余额,0.0,2019-02-15 16:40:40,CHARGE,Charge,WI000339742762PR,WOSP Order
UB882588888YP,CNY,5.5,可用余额,0.0,2019-02-15 16:39:41,CHARGE,Charge,WI000339740522PR,WOSP Order
UB873682298YP,CNY,5.59,可用余额,0.0,2019-02-15 16:39:37,CHARGE,Charge,WI000339740399PR,WOSP Order
UB873682854YP,CNY,4.9,可用余额,0.0,2019-02-15 16:39:25,CHARGE,Charge,WI000339740024PR,WOSP Order
UB902958338YP,CNY,4.38,可用余额,0.0,2019-02-15 16:39:21,CHARGE,Charge,WI000339739823PR,WOSP Order
UB902959832YP,CNY,4.72,可用余额,0.0,2019-02-15 16:38:58,CHARGE,Charge,WI000339739008PR,WOSP Order
UB873683832YP,CNY,5.73,可用余额,0.0,2019-02-15 16:38:49,CHARGE,Charge,WI000339738725PR,WOSP Order
UB895972915YP,CNY,4.19,可用余额,0.0,2019-02-15 16:38:45,CHARGE,Charge,WI000339738597PR,WOSP Order
UB873708579YP,CNY,6.0,可用余额,0.0,2019-02-15 16:38:43,CHARGE,Charge,WI000339738544PR,WOSP Order
UB902957743YP,CNY,7.88,可用余额,0.0,2019-02-15 16:38:25,CHARGE,Charge,WI000339737943PR,WOSP Order
UB882594645YP,CNY,6.44,可用余额,0.0,2019-02-15 16:38:20,CHARGE,Charge,WI000339737779PR,WOSP Order
UB882589115YP,CNY,5.07,可用余额,0.0,2019-02-15 16:38:11,CHARGE,Charge,WI000339737522PR,WOSP Order
UB905526645YP,CNY,6.0,可用余额,0.0,2019-02-15 16:38:11,CHARGE,Charge,WI000339737514PR,WOSP Order
UB873682633YP,CNY,5.08,可用余额,0.0,2019-02-15 16:38:00,CHARGE,Charge,WI000339737087PR,WOSP Order
UB902959262YP,CNY,5.24,可用余额,0.0,2019-02-15 16:37:45,CHARGE,Charge,WI000339736469PR,WOSP Order
UB902959497YP,CNY,5.73,可用余额,0.0,2019-02-15 16:37:24,CHARGE,Charge,WI000339735687PR,WOSP Order
UB873683228YP,CNY,4.97,可用余额,0.0,2019-02-15 16:37:15,CHARGE,Charge,WI000339735373PR,WOSP Order
UB905526901YP,CNY,5.15,可用余额,0.0,2019-02-15 16:37:14,CHARGE,Charge,WI000339735337PR,WOSP Order
UB895949320YP,CNY,4.11,可用余额,0.0,2019-02-15 16:36:59,CHARGE,Charge,WI000339734794PR,WOSP Order
UB873682094YP,CNY,5.15,可用余额,0.0,2019-02-15 16:36:35,CHARGE,Charge,WI000339733922PR,WOSP Order
UB895948942YP,CNY,4.88,可用余额,0.0,2019-02-15 16:36:26,CHARGE,Charge,WI000339733609PR,WOSP Order
UB882590294YP,CNY,4.95,可用余额,0.0,2019-02-15 16:36:21,CHARGE,Charge,WI000339733465PR,WOSP Order
UB882593137YP,CNY,5.38,可用余额,0.0,2019-02-15 16:36:10,CHARGE,Charge,WI000339733016PR,WOSP Order
UB882595549YP,CNY,4.9,可用余额,0.0,2019-02-15 16:35:53,CHARGE,Charge,WI000339732432PR,WOSP Order
UB895948151YP,CNY,5.59,可用余额,0.0,2019-02-15 16:35:47,CHARGE,Charge,WI000339732203PR,WOSP Order
UB902958426YP,CNY,4.5,可用余额,0.0,2019-02-15 16:35:41,CHARGE,Charge,WI000339731976PR,WOSP Order
UB873682338YP,CNY,5.59,可用余额,0.0,2019-02-15 16:35:37,CHARGE,收款,WI000339731844PR,WOSP Order
UB873682593YP,CNY,9.09,可用余额,0.0,2019-02-15 16:35:18,CHARGE,收款,WI000339731116PR,WOSP订单
UB873711737YP,CNY,11.5,可用余额,0.0,2019-02-15 16:34:34,CHARGE,收款,WI000339729024PR,WOSP订单
UB902959545YP,CNY,4.69,可用余额,0.0,2019-02-15 16:34:32,CHARGE,收款,WI000339728906PR,WOSP订单
UB882591207YP,CNY,5.59,可用余额,0.0,2019-02-15 16:34:20,CHARGE,收款,WI000339728259PR,WOSP订单
UB905526699YP,CNY,4.56,可用余额,0.0,2019-02-15 16:33:57,CHARGE,收款,WI000339726758PR,WOSP订单
UB882592159YP,CNY,5.2,可用余额,0.0,2019-02-15 16:33:51,CHARGE,收款,WI000339726427PR,WOSP订单
UB902958488YP,CNY,10.53,可用余额,0.0,2019-02-15 16:33:46,CHARGE,收款,WI000339726017PR,WOSP订单
UB895947641YP,CNY,6.98,可用余额,0.0,2019-02-15 16:33:30,CHARGE,收款,WI000339725009PR,WOSP订单
UB882596297YP,CNY,4.21,可用余额,0.0,2019-02-15 16:33:26,CHARGE,收款,WI000339724827PR,WOSP订单
UB873683347YP,CNY,5.22,可用余额,0.0,2019-02-15 16:33:21,CHARGE,收款,WI000339724483PR,WOSP订单
UB882589013YP,CNY,5.39,可用余额,0.0,2019-02-15 16:32:39,CHARGE,收款,WI000339721763PR,WOSP订单
UB902964228YP,CNY,4.18,可用余额,0.0,2019-02-15 16:32:22,CHARGE,收款,WI000339720907PR,WOSP订单
UB873682721YP,CNY,5.61,可用余额,0.0,2019-02-15 16:32:19,CHARGE,收款,WI000339720808PR,WOSP订单
UB895945084YP,CNY,5.2,可用余额,0.0,2019-02-15 16:32:09,CHARGE,收款,WI000339720403PR,WOSP订单
UB882597099YP,CNY,6.05,可用余额,0.0,2019-02-15 16:31:50,CHARGE,收款,WI000339719816PR,WOSP订单
UB873682678YP,CNY,6.95,可用余额,0.0,2019-02-15 16:31:37,CHARGE,收款,WI000339719457PR,WOSP订单
UB902960124YP,CNY,5.72,可用余额,0.0,2019-02-15 16:31:28,CHARGE,收款,WI000339719202PR,WOSP订单
UB895946779YP,CNY,4.75,可用余额,0.0,2019-02-15 16:31:27,CHARGE,收款,WI000339719182PR,WOSP订单
UB882597142YP,CNY,5.52,可用余额,0.0,2019-02-15 16:31:20,CHARGE,收款,WI000339718964PR,WOSP订单
UB902958369YP,CNY,4.68,可用余额,0.0,2019-02-15 16:31:12,CHARGE,收款,WI000339718717PR,WOSP订单
UB882593429YP,CNY,10.29,可用余额,0.0,2019-02-15 16:30:55,CHARGE,收款,WI000339718161PR,WOSP订单
UB902959130YP,CNY,3.75,可用余额,0.0,2019-02-15 16:30:39,CHARGE,收款,WI000339717583PR,WOSP订单
UB895948443YP,CNY,4.64,可用余额,0.0,2019-02-15 16:30:36,CHARGE,收款,WI000339717500PR,WOSP订单
UB902960022YP,CNY,5.32,可用余额,0.0,2019-02-15 16:30:33,CHARGE,收款,WI000339717392PR,WOSP订单
UB895948531YP,CNY,5.15,可用余额,0.0,2019-02-15 16:30:24,CHARGE,收款,WI000339716979PR,WOSP订单
UB902958854YP,CNY,5.2,可用余额,0.0,2019-02-15 16:30:13,CHARGE,收款,WI000339716359PR,WOSP订单
UB902957805YP,CNY,4.77,可用余额,0.0,2019-02-15 16:29:44,CHARGE,收款,WI000339715107PR,WOSP订单
UB895947814YP,CNY,5.03,可用余额,0.0,2019-02-15 16:29:41,CHARGE,收款,WI000339714934PR,WOSP订单
UB902958491YP,CNY,4.75,可用余额,0.0,2019-02-15 16:29:25,CHARGE,收款,WI000339714373PR,WOSP订单
UB902960169YP,CNY,6.18,可用余额,0.0,2019-02-15 16:28:45,CHARGE,收款,WI000339712960PR,WOSP订单
UB873683214YP,CNY,4.22,可用余额,0.0,2019-02-15 16:28:35,CHARGE,收款,WI000339712577PR,WOSP订单
UB882593256YP,CNY,5.25,可用余额,0.0,2019-02-15 16:28:32,CHARGE,收款,WI000339712458PR,WOSP订单
UB905527116YP,CNY,4.83,可用余额,0.0,2019-02-15 16:28:28,CHARGE,收款,WI000339712337PR,WOSP订单
UB902959364YP,CNY,4.77,可用余额,0.0,2019-02-15 16:28:03,CHARGE,收款,WI000339711297PR,WOSP订单
UB882592975YP,CNY,9.58,可用余额,0.0,2019-02-15 16:27:43,CHARGE,收款,WI000339710676PR,WOSP订单
UB882590440YP,CNY,7.84,可用余额,0.0,2019-02-15 16:27:19,CHARGE,收款,WI000339709875PR,WOSP订单
UB882596589YP,CNY,4.88,可用余额,0.0,2019-02-15 16:27:14,CHARGE,收款,WI000339709702PR,WOSP订单
UB882604577YP,CNY,3.92,可用余额,0.0,2019-02-15 16:27:11,CHARGE,收款,WI000339709588PR,WOSP订单
UB902957540YP,CNY,4.77,可用余额,0.0,2019-02-15 16:26:58,CHARGE,收款,WI000339709103PR,WOSP订单
UB902959188YP,CNY,5.2,可用余额,0.0,2019-02-15 16:26:45,CHARGE,收款,WI000339708621PR,WOSP订单
UB882590538YP,CNY,4.56,可用余额,0.0,2019-02-15 16:26:30,CHARGE,收款,WI000339707927PR,WOSP订单
UB895945685YP,CNY,4.56,可用余额,0.0,2019-02-15 16:26:29,CHARGE,收款,WI000339707870PR,WOSP订单
UB882596986YP,CNY,22.63,可用余额,0.0,2019-02-15 16:26:18,CHARGE,收款,WI000339707416PR,WOSP订单
UB902957916YP,CNY,5.1,可用余额,0.0,2019-02-15 16:26:14,CHARGE,收款,WI000339707253PR,WOSP订单
UB873682029YP,CNY,5.38,可用余额,0.0,2019-02-15 16:26:00,CHARGE,收款,WI000339706611PR,WOSP订单
UB905526963YP,CNY,5.28,可用余额,0.0,2019-02-15 16:25:49,CHARGE,收款,WI000339706151PR,WOSP订单
UB895948576YP,CNY,4.9,可用余额,0.0,2019-02-15 16:25:48,CHARGE,收款,WI000339706121PR,WOSP订单
UB902958219YP,CNY,4.97,可用余额,0.0,2019-02-15 16:25:46,CHARGE,收款,WI000339706030PR,WOSP订单
UB895947540YP,CNY,4.88,可用余额,0.0,2019-02-15 16:25:30,CHARGE,收款,WI000339705402PR,WOSP订单
UB902957403YP,CNY,4.75,可用余额,0.0,2019-02-15 16:25:20,CHARGE,收款,WI000339704973PR,WOSP订单
UB895946513YP,CNY,4.44,可用余额,0.0,2019-02-15 16:25:17,CHARGE,收款,WI000339704814PR,WOSP订单
UB882595380YP,CNY,9.79,可用余额,0.0,2019-02-15 16:24:59,CHARGE,收款,WI000339704028PR,WOSP订单
UB902959276YP,CNY,5.5,可用余额,0.0,2019-02-15 16:24:54,CHARGE,收款,WI000339703886PR,WOSP订单
UB873683660YP,CNY,5.69,可用余额,0.0,2019-02-15 16:24:45,CHARGE,收款,WI000339703500PR,WOSP订单
UB905526932YP,CNY,3.63,可用余额,0.0,2019-02-15 16:24:44,CHARGE,收款,WI000339703439PR,WOSP订单
UB882593225YP,CNY,1.93,可用余额,0.0,2019-02-15 16:24:16,CHARGE,收款,WI000339701976PR,WOSP订单
UB902960036YP,CNY,5.38,可用余额,0.0,2019-02-15 16:24:13,CHARGE,收款,WI000339701856PR,WOSP订单
UB882593287YP,CNY,5.38,可用余额,0.0,2019-02-15 16:23:59,CHARGE,收款,WI000339700751PR,WOSP订单
UB902958236YP,CNY,7.25,可用余额,0.0,2019-02-15 16:23:52,CHARGE,收款,WI000339700380PR,WOSP订单
UB902958602YP,CNY,1.93,可用余额,0.0,2019-02-15 16:23:51,CHARGE,收款,WI000339700327PR,WOSP订单
UB873682823YP,CNY,5.03,可用余额,0.0,2019-02-15 16:23:34,CHARGE,收款,WI000339699424PR,WOSP订单
UB882593239YP,CNY,5.33,可用余额,0.0,2019-02-15 16:23:23,CHARGE,收款,WI000339698754PR,WOSP订单
UB895983140YP,CNY,2.96,可用余额,0.0,2019-02-15 16:23:21,CHARGE,收款,WI000339698639PR,WOSP订单
UB905530557YP,CNY,3.74,可用余额,0.0,2019-02-15 16:23:00,CHARGE,收款,WI000339697319PR,WOSP订单
UB895949608YP,CNY,5.61,可用余额,0.0,2019-02-15 16:22:33,CHARGE,收款,WI000339695465PR,WOSP订单
UB882591555YP,CNY,5.49,可用余额,0.0,2019-02-15 16:22:05,CHARGE,收款,WI000339694498PR,WOSP订单
UB902959395YP,CNY,5.72,可用余额,0.0,2019-02-15 16:21:41,CHARGE,收款,WI000339693683PR,WOSP订单
UB873683815YP,CNY,3.45,可用余额,0.0,2019-02-15 16:21:40,CHARGE,收款,WI000339693647PR,WOSP订单
UB905526985YP,CNY,10.01,可用余额,0.0,2019-02-15 16:21:29,CHARGE,收款,WI000339693325PR,WOSP订单
UB882591428YP,CNY,5.59,可用余额,0.0,2019-02-15 16:21:18,CHARGE,收款,WI000339692911PR,WOSP订单
UB873683293YP,CNY,4.84,可用余额,0.0,2019-02-15 16:21:13,CHARGE,收款,WI000339692753PR,WOSP订单
UB882593375YP,CNY,5.4,可用余额,0.0,2019-02-15 16:20:49,CHARGE,收款,WI000339691972PR,WOSP订单
UB882596941YP,CNY,10.18,可用余额,0.0,2019-02-15 16:20:45,CHARGE,收款,WI000339691887PR,WOSP订单
UB902959347YP,CNY,5.72,可用余额,0.0,2019-02-15 16:20:40,CHARGE,收款,WI000339691726PR,WOSP订单
UB895948797YP,CNY,5.03,可用余额,0.0,2019-02-15 16:20:07,CHARGE,收款,WI000339690605PR,WOSP订单
UB902959015YP,CNY,9.05,可用余额,0.0,2019-02-15 16:20:05,CHARGE,收款,WI000339690525PR,WOSP订单
UB905527028YP,CNY,4.21,可用余额,0.0,2019-02-15 16:20:00,CHARGE,收款,WI000339690336PR,WOSP订单
UB902960040YP,CNY,4.77,可用余额,0.0,2019-02-15 16:19:50,CHARGE,收款,WI000339689975PR,WOSP订单
UB902959700YP,CNY,6.35,可用余额,0.0,2019-02-15 16:19:39,CHARGE,收款,WI000339689652PR,WOSP订单
UB902958001YP,CNY,4.8,可用余额,0.0,2019-02-15 16:19:19,CHARGE,收款,WI000339689011PR,WOSP订单
UB902958050YP,CNY,5.03,可用余额,0.0,2019-02-15 16:19:04,CHARGE,收款,WI000339688458PR,WOSP订单
UB895945813YP,CNY,5.15,可用余额,0.0,2019-02-15 16:18:56,CHARGE,收款,WI000339688073PR,WOSP订单
UB873682871YP,CNY,8.68,可用余额,0.0,2019-02-15 16:17:32,CHARGE,收款,WI000339685817PR,WOSP订单
UB902964245YP,CNY,3.83,可用余额,0.0,2019-02-15 16:17:32,CHARGE,收款,WI000339685797PR,WOSP订单
UB882591697YP,CNY,5.38,可用余额,0.0,2019-02-15 16:17:11,CHARGE,收款,WI000339685332PR,WOSP订单
UB882593049YP,CNY,5.33,可用余额,0.0,2019-02-15 16:16:37,CHARGE,收款,WI000339684478PR,WOSP订单
UB882589631YP,CNY,4.84,可用余额,0.0,2019-02-15 16:15:54,CHARGE,收款,WI000339683184PR,WOSP订单
UB882590572YP,CNY,5.03,可用余额,0.0,2019-02-15 16:15:42,CHARGE,收款,WI000339682740PR,WOSP订单
UB882604648YP,CNY,3.74,可用余额,0.0,2019-02-15 16:15:42,CHARGE,收款,WI000339682715PR,WOSP订单
UB905526725YP,CNY,5.7,可用余额,0.0,2019-02-15 16:15:35,CHARGE,收款,WI000339682444PR,WOSP订单
UB895946853YP,CNY,5.85,可用余额,0.0,2019-02-15 16:15:19,CHARGE,收款,WI000339681827PR,WOSP订单
UB882609565YP,CNY,9.79,可用余额,0.0,2019-02-15 16:15:15,CHARGE,收款,WI000339681665PR,WOSP订单
UB873683421YP,CNY,5.2,可用余额,0.0,2019-02-15 16:15:09,CHARGE,收款,WI000339681357PR,WOSP订单
UB895948718YP,CNY,4.68,可用余额,0.0,2019-02-15 16:14:28,CHARGE,收款,WI000339679598PR,WOSP订单
UB902958222YP,CNY,5.69,可用余额,0.0,2019-02-15 16:14:21,CHARGE,收款,WI000339679166PR,WOSP订单
UB902959735YP,CNY,9.88,可用余额,0.0,2019-02-15 16:14:06,CHARGE,收款,WI000339678245PR,WOSP订单
UB902958085YP,CNY,3.74,可用余额,0.0,2019-02-15 16:14:03,CHARGE,收款,WI000339678107PR,WOSP订单
UB882589910YP,CNY,6.96,可用余额,0.0,2019-02-15 16:13:59,CHARGE,收款,WI000339677857PR,WOSP订单
UB882595892YP,CNY,4.88,可用余额,0.0,2019-02-15 16:13:32,CHARGE,收款,WI000339676357PR,WOSP订单
UB895949713YP,CNY,4.97,可用余额,0.0,2019-02-15 16:13:06,CHARGE,收款,WI000339674648PR,WOSP订单
UB895947292YP,CNY,5.03,可用余额,0.0,2019-02-15 16:12:48,CHARGE,收款,WI000339673229PR,WOSP订单
UB873682409YP,CNY,4.91,可用余额,0.0,2019-02-15 16:12:20,CHARGE,收款,WI000339671421PR,WOSP订单
UB873681920YP,CNY,8.31,可用余额,0.0,2019-02-15 16:12:08,CHARGE,收款,WI000339670936PR,WOSP订单
UB882589764YP,CNY,5.61,可用余额,0.0,2019-02-15 16:12:04,CHARGE,收款,WI000339670805PR,WOSP订单
UB882592468YP,CNY,7.55,可用余额,0.0,2019-02-15 16:11:44,CHARGE,收款,WI000339670115PR,WOSP订单
UB902958182YP,CNY,5.15,可用余额,0.0,2019-02-15 16:11:10,CHARGE,收款,WI000339668668PR,WOSP订单
UB902958514YP,CNY,12.55,可用余额,0.0,2019-02-15 16:11:06,CHARGE,收款,WI000339668485PR,WOSP订单
UB882591873YP,CNY,4.64,可用余额,0.0,2019-02-15 16:11:00,CHARGE,收款,WI000339668275PR,WOSP订单
UB902959948YP,CNY,4.77,可用余额,0.0,2019-02-15 16:10:25,CHARGE,收款,WI000339667000PR,WOSP订单
UB873683761YP,CNY,4.67,可用余额,0.0,2019-02-15 16:10:19,CHARGE,收款,WI000339666742PR,WOSP订单
UB882596685YP,CNY,4.41,可用余额,0.0,2019-02-15 16:10:10,CHARGE,收款,WI000339666446PR,WOSP订单
UB902958678YP,CNY,6.11,可用余额,0.0,2019-02-15 16:09:59,CHARGE,收款,WI000339666086PR,WOSP订单
WI000339631349PR,CNY,10.0,可用余额,0.0,2019-02-15 15:45:47,CHARGE,收款,WI000339631952PR,充值交易
WI000339631349PR,CNY,0.0,可用余额,2000.0,2019-02-15 15:45:46,RECHARGE,充值,WI000339631349PR,充值交易
UB895945291YP,CNY,5.02,可用余额,0.0,2019-02-15 12:04:09,CHARGE,收款,WI000339252731PR,WOSP订单
UB882596805YP,CNY,4.45,可用余额,0.0,2019-02-15 12:03:50,CHARGE,收款,WI000339252183PR,WOSP订单
UB895949055YP,CNY,5.2,可用余额,0.0,2019-02-15 12:02:28,CHARGE,收款,WI000339248853PR,WOSP订单
UB882594486YP,CNY,7.25,可用余额,0.0,2019-02-15 12:02:17,CHARGE,收款,WI000339248445PR,WOSP订单
UB905526654YP,CNY,5.5,可用余额,0.0,2019-02-15 11:59:05,CHARGE,收款,WI000339243803PR,WOSP订单
UB882609747YP,CNY,3.65,可用余额,0.0,2019-02-15 11:59:02,CHARGE,收款,WI000339243688PR,WOSP订单
UB902957496YP,CNY,10.27,可用余额,0.0,2019-02-15 11:58:57,CHARGE,收款,WI000339243506PR,WOSP订单
UB905527080YP,CNY,5.33,可用余额,0.0,2019-02-15 11:58:45,CHARGE,收款,WI000339243069PR,WOSP订单
UB873682783YP,CNY,7.88,可用余额,0.0,2019-02-15 11:57:43,CHARGE,收款,WI000339241862PR,WOSP订单
UB895947598YP,CNY,7.02,可用余额,0.0,2019-02-15 11:57:40,CHARGE,收款,WI000339241773PR,WOSP订单
UB873682465YP,CNY,10.29,可用余额,0.0,2019-02-15 11:57:13,CHARGE,收款,WI000339241306PR,WOSP订单
UB882589305YP,CNY,5.15,可用余额,0.0,2019-02-15 11:53:13,CHARGE,收款,WI000339233340PR,WOSP订单
UB896003586YP,CNY,9.1,可用余额,0.0,2019-02-15 11:51:38,CHARGE,收款,WI000339229522PR,WOSP订单
UB895945787YP,CNY,4.88,可用余额,0.0,2019-02-15 11:50:27,CHARGE,收款,WI000339227827PR,WOSP订单
UB902960288YP,CNY,5.59,可用余额,0.0,2019-02-15 11:50:24,CHARGE,收款,WI000339227705PR,WOSP订单
UB873682911YP,CNY,4.88,可用余额,0.0,2019-02-15 11:50:10,CHARGE,收款,WI000339227353PR,WOSP订单
UB873683245YP,CNY,5.24,可用余额,0.0,2019-02-15 11:50:08,CHARGE,收款,WI000339227262PR,WOSP订单
UB902958298YP,CNY,9.01,可用余额,0.0,2019-02-15 11:50:00,CHARGE,收款,WI000339226854PR,WOSP订单
UB873689061YP,CNY,3.83,可用余额,0.0,2019-02-15 11:49:10,CHARGE,收款,WI000339225537PR,WOSP订单
UB882589398YP,CNY,5.69,可用余额,0.0,2019-02-15 11:48:21,CHARGE,收款,WI000339224079PR,WOSP订单
UB902958032YP,CNY,5.2,可用余额,0.0,2019-02-15 11:47:51,CHARGE,收款,WI000339223062PR,WOSP订单
UB873682505YP,CNY,4.49,可用余额,0.0,2019-02-15 11:45:37,CHARGE,收款,WI000339220207PR,WOSP订单
UB895947465YP,CNY,5.59,可用余额,0.0,2019-02-15 11:44:31,CHARGE,收款,WI000339218447PR,WOSP订单
UB882591935YP,CNY,5.38,可用余额,0.0,2019-02-15 11:44:26,CHARGE,收款,WI000339218208PR,WOSP订单
UB902958386YP,CNY,5.59,可用余额,0.0,2019-02-15 11:40:28,CHARGE,收款,WI000339210912PR,WOSP订单
UB895944999YP,CNY,5.03,可用余额,0.0,2019-02-15 11:39:39,CHARGE,收款,WI000339209304PR,WOSP订单
UB882589367YP,CNY,9.79,可用余额,0.0,2019-02-15 11:38:48,CHARGE,收款,WI000339207746PR,WOSP订单
UB902959157YP,CNY,4.62,可用余额,0.0,2019-02-15 11:38:45,CHARGE,收款,WI000339207650PR,WOSP订单
UB882595739YP,CNY,5.5,可用余额,0.0,2019-02-15 11:38:20,CHARGE,收款,WI000339206676PR,WOSP订单
UB873681933YP,CNY,4.8,可用余额,0.0,2019-02-15 11:36:45,CHARGE,收款,WI000339204743PR,WOSP订单
UB902960098YP,CNY,5.5,可用余额,0.0,2019-02-15 11:36:15,CHARGE,收款,WI000339203962PR,WOSP订单
UB873683302YP,CNY,9.44,可用余额,0.0,2019-02-15 11:35:42,CHARGE,收款,WI000339202964PR,WOSP订单
UB873683775YP,CNY,6.0,可用余额,0.0,2019-02-15 11:35:28,CHARGE,收款,WI000339202288PR,WOSP订单
UB895950875YP,CNY,9.09,可用余额,0.0,2019-02-15 11:35:26,CHARGE,收款,WI000339202195PR,WOSP订单
UB882591122YP,CNY,5.5,可用余额,0.0,2019-02-15 11:34:40,CHARGE,收款,WI000339200125PR,WOSP订单
UB895945963YP,CNY,5.07,可用余额,0.0,2019-02-15 11:33:36,CHARGE,收款,WI000339197546PR,WOSP订单
UB882596080YP,CNY,8.0,可用余额,0.0,2019-02-15 11:30:57,CHARGE,收款,WI000339192110PR,WOSP订单
UB873682956YP,CNY,4.88,可用余额,0.0,2019-02-15 11:29:31,CHARGE,收款,WI000339189571PR,WOSP订单
UB873682085YP,CNY,5.15,可用余额,0.0,2019-02-15 11:28:58,CHARGE,收款,WI000339188754PR,WOSP订单
UB895945623YP,CNY,5.32,可用余额,0.0,2019-02-15 11:27:35,CHARGE,收款,WI000339185877PR,WOSP订单
UB882592233YP,CNY,5.06,可用余额,0.0,2019-02-15 11:25:22,CHARGE,收款,WI000339182038PR,WOSP订单
UB895949126YP,CNY,5.92,可用余额,0.0,2019-02-15 11:21:18,CHARGE,收款,WI000339173916PR,WOSP订单
UB882592689YP,CNY,10.23,可用余额,0.0,2019-02-15 11:20:07,CHARGE,收款,WI000339171792PR,WOSP订单
UB895945124YP,CNY,5.28,可用余额,0.0,2019-02-15 11:20:04,CHARGE,收款,WI000339171685PR,WOSP订单
UB873682491YP,CNY,5.27,可用余额,0.0,2019-02-15 11:19:58,CHARGE,收款,WI000339171469PR,WOSP订单
UB902959205YP,CNY,4.77,可用余额,0.0,2019-02-15 11:17:01,CHARGE,收款,WI000339166752PR,WOSP订单
UB882591595YP,CNY,5.38,可用余额,0.0,2019-02-15 11:14:30,CHARGE,收款,WI000339162052PR,WOSP订单
UB882589866YP,CNY,4.66,可用余额,0.0,2019-02-15 11:13:15,CHARGE,收款,WI000339158254PR,WOSP订单
UB905527133YP,CNY,5.85,可用余额,0.0,2019-02-15 11:12:33,CHARGE,收款,WI000339155758PR,WOSP订单
UB882595155YP,CNY,5.5,可用余额,0.0,2019-02-15 11:11:54,CHARGE,收款,WI000339154214PR,WOSP订单
UB882594557YP,CNY,5.38,可用余额,0.0,2019-02-15 11:07:34,CHARGE,收款,WI000339145189PR,WOSP订单
UB873689129YP,CNY,9.56,可用余额,0.0,2019-02-15 11:07:13,CHARGE,收款,WI000339144260PR,WOSP订单
UB895950711YP,CNY,8.48,可用余额,0.0,2019-02-15 11:05:36,CHARGE,收款,WI000339139961PR,WOSP订单
UB902957655YP,CNY,4.33,可用余额,0.0,2019-02-15 11:05:22,CHARGE,收款,WI000339139107PR,WOSP订单
UB882591241YP,CNY,5.2,可用余额,0.0,2019-02-15 11:05:21,CHARGE,收款,WI000339139084PR,WOSP订单
UB895947108YP,CNY,5.25,可用余额,0.0,2019-02-15 11:05:03,CHARGE,收款,WI000339138163PR,WOSP订单
UB882590728YP,CNY,5.5,可用余额,0.0,2019-02-15 10:49:52,CHARGE,收款,WI000339102537PR,WOSP订单
US007175240CN,CNY,5.52,可用余额,0.0,2019-02-15 08:35:32,CHARGE,收款,WI000338717798PR,WOSP订单
US007171702CN,CNY,4.09,可用余额,0.0,2019-02-15 08:35:32,CHARGE,收款,WI000338717796PR,WOSP订单
US007171336CN,CNY,4.86,可用余额,0.0,2019-02-15 08:35:31,CHARGE,收款,WI000338717747PR,WOSP订单
US060604763CN,CNY,4.86,可用余额,0.0,2019-02-15 08:35:30,CHARGE,收款,WI000338717686PR,WOSP订单
US030122382CN,CNY,4.64,可用余额,0.0,2019-02-15 08:35:30,CHARGE,收款,WI000338717685PR,WOSP订单
US030116957CN,CNY,8.7,可用余额,0.0,2019-02-15 08:35:30,CHARGE,收款,WI000338717677PR,WOSP订单
US030116492CN,CNY,9.03,可用余额,0.0,2019-02-15 08:35:29,CHARGE,收款,WI000338717617PR,WOSP订单
US007175085CN,CNY,4.86,可用余额,0.0,2019-02-15 08:35:29,CHARGE,收款,WI000338717616PR,WOSP订单
US060604851CN,CNY,5.3,可用余额,0.0,2019-02-15 08:35:28,CHARGE,收款,WI000338717576PR,WOSP订单
US007175390CN,CNY,4.97,可用余额,0.0,2019-02-15 08:35:28,CHARGE,收款,WI000338717564PR,WOSP订单
US060604936CN,CNY,5.08,可用余额,0.0,2019-02-15 08:35:25,CHARGE,收款,WI000338717413PR,WOSP订单
US030122657CN,CNY,4.42,可用余额,0.0,2019-02-15 08:35:22,CHARGE,收款,WI000338717277PR,WOSP订单
US030117453CN,CNY,4.97,可用余额,0.0,2019-02-15 08:35:20,CHARGE,收款,WI000338717197PR,WOSP订单
US007175165CN,CNY,5.08,可用余额,0.0,2019-02-15 08:35:16,CHARGE,收款,WI000338717007PR,WOSP订单
US030116648CN,CNY,5.74,可用余额,0.0,2019-02-15 08:35:10,CHARGE,收款,WI000338716691PR,WOSP订单
US007171424CN,CNY,4.64,可用余额,0.0,2019-02-15 08:35:09,CHARGE,收款,WI000338716615PR,WOSP订单
US030116197CN,CNY,4.86,可用余额,0.0,2019-02-15 08:34:49,CHARGE,收款,WI000338715403PR,WOSP订单
WI000093772999EPC,CNY,2.8,可用余额,0.0,2019-02-15 01:43:32,CHARGE,收款,WI000338234343PR,WOSP订单
WI000093773226EPC,CNY,2.8,可用余额,0.0,2019-02-15 01:39:25,CHARGE,收款,WI000338230882PR,WOSP订单
WI000095390480EPC,CNY,5.46,可用余额,0.0,2019-02-14 18:14:12,CHARGE,收款,WI000337675072PR,WOSP订单
WI000095390595EPC,CNY,5.46,可用余额,0.0,2019-02-14 18:12:30,CHARGE,收款,WI000337667953PR,WOSP订单
WI000093773226EPC,CNY,5.59,可用余额,0.0,2019-02-14 18:12:27,CHARGE,收款,WI000337667726PR,WOSP订单
WI000093773169EPC,CNY,5.72,可用余额,0.0,2019-02-14 18:10:31,CHARGE,收款,WI000337659896PR,WOSP订单
WI000095390697EPC,CNY,5.07,可用余额,0.0,2019-02-14 18:09:27,CHARGE,收款,WI000337655257PR,WOSP订单
WI000095390365EPC,CNY,2.6,可用余额,0.0,2019-02-14 18:09:27,CHARGE,收款,WI000337655245PR,WOSP订单
WI000095390312EPC,CNY,5.46,可用余额,0.0,2019-02-14 18:09:06,CHARGE,收款,WI000337653605PR,WOSP订单
WI000095390555EPC,CNY,5.46,可用余额,0.0,2019-02-14 18:08:02,CHARGE,收款,WI000337648945PR,WOSP订单
WI000095390520EPC,CNY,4.94,可用余额,0.0,2019-02-14 18:06:09,CHARGE,收款,WI000337640888PR,WOSP订单
WI000095390462EPC,CNY,5.59,可用余额,0.0,2019-02-14 18:06:04,CHARGE,收款,WI000337640524PR,WOSP订单
WI000093772999EPC,CNY,5.59,可用余额,0.0,2019-02-14 18:05:50,CHARGE,收款,WI000337639607PR,WOSP订单
WI000095390330EPC,CNY,4.81,可用余额,0.0,2019-02-14 18:05:50,CHARGE,收款,WI000337639554PR,WOSP订单
WI000095390388EPC,CNY,10.66,可用余额,0.0,2019-02-14 18:05:25,CHARGE,收款,WI000337637791PR,WOSP订单
WI000095390428EPC,CNY,10.79,可用余额,0.0,2019-02-14 18:05:24,CHARGE,收款,WI000337637762PR,WOSP订单
UB873680266YP,CNY,4.5,可用余额,0.0,2019-02-14 14:26:33,CHARGE,收款,WI000337252754PR,WOSP订单
UB873681289YP,CNY,5.72,可用余额,0.0,2019-02-14 14:11:15,CHARGE,收款,WI000337224102PR,WOSP订单
UB873680270YP,CNY,4.42,可用余额,0.0,2019-02-14 14:11:05,CHARGE,收款,WI000337223647PR,WOSP订单
UB873681672YP,CNY,4.75,可用余额,0.0,2019-02-14 14:10:30,CHARGE,收款,WI000337221850PR,WOSP订单
UB873681805YP,CNY,11.66,可用余额,0.0,2019-02-14 14:06:28,CHARGE,收款,WI000337213411PR,WOSP订单
UB873681227YP,CNY,5.38,可用余额,0.0,2019-02-14 14:04:59,CHARGE,收款,WI000337210047PR,WOSP订单
UB873681403YP,CNY,5.72,可用余额,0.0,2019-02-14 14:02:38,CHARGE,收款,WI000337206311PR,WOSP订单
UB873681482YP,CNY,5.41,可用余额,0.0,2019-02-14 13:59:51,CHARGE,收款,WI000337198124PR,WOSP订单
UB873681995YP,CNY,5.02,可用余额,0.0,2019-02-14 13:54:41,CHARGE,收款,WI000337189866PR,WOSP订单
UB873681519YP,CNY,5.85,可用余额,0.0,2019-02-14 13:54:39,CHARGE,收款,WI000337189793PR,WOSP订单
UB873681425YP,CNY,4.62,可用余额,0.0,2019-02-14 13:40:21,CHARGE,收款,WI000337163752PR,WOSP订单
UB873681655YP,CNY,5.03,可用余额,0.0,2019-02-14 13:38:30,CHARGE,收款,WI000337161209PR,WOSP订单
UB873681434YP,CNY,4.29,可用余额,0.0,2019-02-14 13:37:06,CHARGE,收款,WI000337158994PR,WOSP订单
UB873681142YP,CNY,9.89,可用余额,0.0,2019-02-14 13:26:34,CHARGE,收款,WI000337140544PR,WOSP订单
UB873681845YP,CNY,5.27,可用余额,0.0,2019-02-14 13:25:35,CHARGE,收款,WI000337138788PR,WOSP订单
UB873681037YP,CNY,4.63,可用余额,0.0,2019-02-14 13:25:16,CHARGE,收款,WI000337138116PR,WOSP订单
UB873681350YP,CNY,3.75,可用余额,0.0,2019-02-14 13:23:58,CHARGE,收款,WI000337134932PR,WOSP订单
UB873680558YP,CNY,5.15,可用余额,0.0,2019-02-14 13:20:46,CHARGE,收款,WI000337129871PR,WOSP订单
UB873681213YP,CNY,5.13,可用余额,0.0,2019-02-14 13:20:27,CHARGE,收款,WI000337129341PR,WOSP订单
UB873681068YP,CNY,4.88,可用余额,0.0,2019-02-14 13:20:15,CHARGE,收款,WI000337129007PR,WOSP订单
UB873680875YP,CNY,5.61,可用余额,0.0,2019-02-14 13:19:19,CHARGE,收款,WI000337127689PR,WOSP订单
UB895946969YP,CNY,5.93,可用余额,0.0,2019-02-14 13:14:26,CHARGE,收款,WI000337120046PR,WOSP订单
UB873680907YP,CNY,4.95,可用余额,0.0,2019-02-14 13:13:40,CHARGE,收款,WI000337118283PR,WOSP订单
UB873689013YP,CNY,7.4,可用余额,0.0,2019-02-14 13:03:25,CHARGE,收款,WI000337099435PR,WOSP订单
UB873681978YP,CNY,5.38,可用余额,0.0,2019-02-14 13:02:43,CHARGE,收款,WI000337097804PR,WOSP订单
UB873680425YP,CNY,4.77,可用余额,0.0,2019-02-14 13:02:02,CHARGE,收款,WI000337096276PR,WOSP订单
UB873680544YP,CNY,4.62,可用余额,0.0,2019-02-14 12:53:16,CHARGE,收款,WI000337082427PR,WOSP订单
UB873680924YP,CNY,5.32,可用余额,0.0,2019-02-14 12:53:13,CHARGE,收款,WI000337082323PR,WOSP订单
UB873681862YP,CNY,5.42,可用余额,0.0,2019-02-14 12:48:40,CHARGE,收款,WI000337075545PR,WOSP订单
UB873680915YP,CNY,4.11,可用余额,0.0,2019-02-14 12:45:37,CHARGE,收款,WI000337072018PR,WOSP订单
UB873681505YP,CNY,6.17,可用余额,0.0,2019-02-14 12:44:11,CHARGE,收款,WI000337069747PR,WOSP订单
UB873680592YP,CNY,4.56,可用余额,0.0,2019-02-14 12:41:28,CHARGE,Charge,WI000337064985PR,WOSP订单
UB873680195YP,CNY,5.38,可用余额,0.0,2019-02-14 12:39:09,CHARGE,Charge,WI000337062096PR,WOSP Order
UB873681831YP,CNY,2.16,可用余额,0.0,2019-02-14 12:37:27,CHARGE,Charge,WI000337060002PR,WOSP Order
UB873681258YP,CNY,6.02,可用余额,0.0,2019-02-14 12:35:05,CHARGE,Charge,WI000337057183PR,WOSP Order
UB873680411YP,CNY,4.97,可用余额,0.0,2019-02-14 12:30:35,CHARGE,Charge,WI000337049519PR,WOSP Order
UB873680796YP,CNY,4.56,可用余额,0.0,2019-02-14 12:24:43,CHARGE,Charge,WI000337043303PR,WOSP Order
UB873681536YP,CNY,5.88,可用余额,0.0,2019-02-14 12:24:05,CHARGE,Charge,WI000337041562PR,WOSP Order
UB873681346YP,CNY,9.62,可用余额,0.0,2019-02-14 12:23:32,CHARGE,Charge,WI000337039991PR,WOSP Order
UB873681329YP,CNY,5.5,可用余额,0.0,2019-02-14 12:22:33,CHARGE,Charge,WI000337038287PR,WOSP Order
UB873681448YP,CNY,5.5,可用余额,0.0,2019-02-14 12:13:08,CHARGE,Charge,WI000337026082PR,WOSP Order
UB873681641YP,CNY,5.61,可用余额,0.0,2019-02-14 11:57:31,CHARGE,Charge,WI000337004902PR,WOSP Order
UB873680354YP,CNY,3.74,可用余额,0.0,2019-02-14 11:52:01,CHARGE,Charge,WI000336994118PR,WOSP Order
UB873680972YP,CNY,10.0,可用余额,0.0,2019-02-14 11:48:56,CHARGE,Charge,WI000336990604PR,WOSP Order
UB873680677YP,CNY,11.5,可用余额,0.0,2019-02-14 11:46:19,CHARGE,Charge,WI000336988166PR,WOSP Order
UB873681156YP,CNY,5.15,可用余额,0.0,2019-02-14 11:44:29,CHARGE,Charge,WI000336985607PR,WOSP Order
UB873680283YP,CNY,4.32,可用余额,0.0,2019-02-14 11:40:45,CHARGE,Charge,WI000336976605PR,WOSP Order
UB873688976YP,CNY,3.57,可用余额,0.0,2019-02-14 11:40:21,CHARGE,Charge,WI000336975657PR,WOSP Order
UB873680368YP,CNY,4.77,可用余额,0.0,2019-02-14 11:38:19,CHARGE,Charge,WI000336970549PR,WOSP Order
UB873681726YP,CNY,4.97,可用余额,0.0,2019-02-14 11:38:07,CHARGE,Charge,WI000336970087PR,WOSP Order
UB873680822YP,CNY,4.95,可用余额,0.0,2019-02-14 11:25:18,CHARGE,Charge,WI000336947845PR,WOSP Order
UB873681200YP,CNY,10.4,可用余额,0.0,2019-02-14 11:23:00,CHARGE,Charge,WI000336940881PR,WOSP Order
UB873689000YP,CNY,5.06,可用余额,0.0,2019-02-14 11:22:51,CHARGE,Charge,WI000336940383PR,WOSP Order
UB873681315YP,CNY,5.72,可用余额,0.0,2019-02-14 11:21:22,CHARGE,Charge,WI000336936730PR,WOSP Order
UB873681712YP,CNY,6.13,可用余额,0.0,2019-02-14 11:14:46,CHARGE,Charge,WI000336925190PR,WOSP Order
UB873680779YP,CNY,5.38,可用余额,0.0,2019-02-14 11:03:14,CHARGE,Charge,WI000336901548PR,WOSP Order
UB873681902YP,CNY,3.83,可用余额,0.0,2019-02-14 10:57:57,CHARGE,Charge,WI000336889162PR,WOSP Order
UB873681774YP,CNY,5.5,可用余额,0.0,2019-02-14 10:54:22,CHARGE,Charge,WI000336881613PR,WOSP Order
UB873680748YP,CNY,3.83,可用余额,0.0,2019-02-14 10:52:28,CHARGE,Charge,WI000336876826PR,WOSP Order
UB873681607YP,CNY,6.7,可用余额,0.0,2019-02-14 10:27:36,CHARGE,Charge,WI000336827432PR,WOSP Order
UB873688931YP,CNY,3.74,可用余额,0.0,2019-02-14 10:13:59,CHARGE,Charge,WI000336797736PR,WOSP Order
UB873680487YP,CNY,3.92,可用余额,0.0,2019-02-14 10:13:26,CHARGE,Charge,WI000336796228PR,WOSP Order
UB873681006YP,CNY,5.38,可用余额,0.0,2019-02-14 10:10:01,CHARGE,Charge,WI000336789863PR,WOSP Order
UB873681638YP,CNY,5.09,可用余额,0.0,2019-02-14 10:09:59,CHARGE,Charge,WI000336789811PR,WOSP Order
UB873681598YP,CNY,4.9,可用余额,0.0,2019-02-14 10:09:46,CHARGE,Charge,WI000336789369PR,WOSP Order
UB873681584YP,CNY,5.2,可用余额,0.0,2019-02-14 10:09:29,CHARGE,Charge,WI000336788769PR,WOSP Order
UB873681893YP,CNY,5.02,可用余额,0.0,2019-02-14 10:01:15,CHARGE,Charge,WI000336768789PR,WOSP Order
UB873680685YP,CNY,5.15,可用余额,0.0,2019-02-14 09:57:42,CHARGE,Charge,WI000336757653PR,WOSP Order
UB873680456YP,CNY,5.25,可用余额,0.0,2019-02-14 09:57:04,CHARGE,Charge,WI000336756253PR,WOSP Order
UB873681791YP,CNY,9.55,可用余额,0.0,2019-02-14 09:56:49,CHARGE,Charge,WI000336755431PR,WOSP Order
UB873681540YP,CNY,4.68,可用余额,0.0,2019-02-14 09:56:11,CHARGE,Charge,WI000336753465PR,WOSP Order
UB873680178YP,CNY,5.0,可用余额,0.0,2019-02-14 09:53:53,CHARGE,Charge,WI000336746309PR,WOSP Order
UB873680734YP,CNY,5.03,可用余额,0.0,2019-02-14 09:50:05,CHARGE,Charge,WI000336739031PR,WOSP Order
UB873680990YP,CNY,8.15,可用余额,0.0,2019-02-14 09:49:58,CHARGE,Charge,WI000336738822PR,WOSP Order
UB873688993YP,CNY,3.48,可用余额,0.0,2019-02-14 09:48:54,CHARGE,Charge,WI000336736893PR,WOSP Order
UB873680836YP,CNY,5.38,可用余额,0.0,2019-02-14 09:48:50,CHARGE,Charge,WI000336736751PR,WOSP Order
UB873680853YP,CNY,5.12,可用余额,0.0,2019-02-14 09:42:19,CHARGE,Charge,WI000336723471PR,WOSP Order
UB873680155YP,CNY,5.52,可用余额,0.0,2019-02-14 09:39:29,CHARGE,Charge,WI000336716735PR,WOSP Order
UB873680819YP,CNY,5.85,可用余额,0.0,2019-02-14 09:38:45,CHARGE,Charge,WI000336715076PR,WOSP Order
UB873681071YP,CNY,6.72,可用余额,0.0,2019-02-14 09:24:29,CHARGE,Charge,WI000336681298PR,WOSP Order
UB873680345YP,CNY,4.49,可用余额,0.0,2019-02-14 09:24:28,CHARGE,Charge,WI000336681261PR,WOSP Order
UB873680629YP,CNY,3.75,可用余额,0.0,2019-02-14 09:24:04,CHARGE,Charge,WI000336679985PR,WOSP Order
UB882661035YP,CNY,5.32,可用余额,0.0,2019-02-14 09:23:13,CHARGE,Charge,WI000336678108PR,WOSP Order
UB895949470YP,CNY,5.93,可用余额,0.0,2019-02-14 09:17:21,CHARGE,Charge,WI000336664148PR,WOSP Order
UB873680717YP,CNY,4.66,可用余额,0.0,2019-02-14 09:17:16,CHARGE,Charge,WI000336663890PR,WOSP Order
UB873681765YP,CNY,5.06,可用余额,0.0,2019-02-14 09:15:16,CHARGE,Charge,WI000336659572PR,WOSP Order
UB873680310YP,CNY,3.65,可用余额,0.0,2019-02-14 09:14:37,CHARGE,Charge,WI000336657853PR,WOSP Order
UB873688962YP,CNY,3.65,可用余额,0.0,2019-02-14 09:13:33,CHARGE,Charge,WI000336654736PR,WOSP Order
UB873681690YP,CNY,4.4,可用余额,0.0,2019-02-14 09:09:28,CHARGE,Charge,WI000336644842PR,WOSP Order
UB873681859YP,CNY,5.32,可用余额,0.0,2019-02-14 09:08:32,CHARGE,Charge,WI000336642991PR,WOSP Order
UB873681292YP,CNY,15.13,可用余额,0.0,2019-02-14 08:55:34,CHARGE,收款,WI000336611453PR,WOSP Order
UB873682001YP,CNY,5.28,可用余额,0.0,2019-02-14 08:54:14,CHARGE,收款,WI000336608511PR,WOSP订单
UB873681010YP,CNY,4.77,可用余额,0.0,2019-02-14 08:53:57,CHARGE,收款,WI000336607867PR,WOSP订单
UB873680969YP,CNY,4.88,可用余额,0.0,2019-02-14 08:50:35,CHARGE,收款,WI000336601434PR,WOSP订单
UB873681615YP,CNY,4.9,可用余额,0.0,2019-02-14 08:48:13,CHARGE,收款,WI000336597254PR,WOSP订单
UB873681828YP,CNY,4.73,可用余额,0.0,2019-02-14 08:37:55,CHARGE,收款,WI000336577717PR,WOSP订单
UB873680898YP,CNY,4.44,可用余额,0.0,2019-02-14 08:33:00,CHARGE,收款,WI000336568846PR,WOSP订单
UB873680941YP,CNY,5.36,可用余额,0.0,2019-02-14 08:28:49,CHARGE,收款,WI000336555724PR,WOSP订单
UB873681567YP,CNY,5.03,可用余额,0.0,2019-02-14 08:28:43,CHARGE,收款,WI000336555613PR,WOSP订单
WI000318027978PR,CNY,9.0,可用余额,0.0,2019-02-04 21:07:24,CHARGE,收款,WI000318028175PR,充值交易
WI000318027978PR,CNY,0.0,可用余额,2000.0,2019-02-04 21:07:23,RECHARGE,充值,WI000318027978PR,充值交易
RQ879629738CN,CNY,30.35,可用余额,0.0,2019-02-03 10:32:42,CHARGE,收款,WI000315542952PR,WOSP订单
UB863353862YP,CNY,3.51,可用余额,0.0,2019-02-02 19:39:50,CHARGE,收款,WI000314352438PR,WOSP订单
UB863358462YP,CNY,4.25,可用余额,0.0,2019-02-02 19:37:21,CHARGE,收款,WI000314345402PR,WOSP订单
UB863353655YP,CNY,5.32,可用余额,0.0,2019-02-02 19:37:21,CHARGE,收款,WI000314345395PR,WOSP订单
UB863353425YP,CNY,5.25,可用余额,0.0,2019-02-02 19:37:18,CHARGE,收款,WI000314345269PR,WOSP订单
UB863671945YP,CNY,4.91,可用余额,0.0,2019-02-02 19:37:18,CHARGE,收款,WI000314345266PR,WOSP订单
UB863355024YP,CNY,4.79,可用余额,0.0,2019-02-02 19:37:17,CHARGE,收款,WI000314345200PR,WOSP订单
UB863353955YP,CNY,9.69,可用余额,0.0,2019-02-02 19:37:00,CHARGE,收款,WI000314344387PR,WOSP订单
UB863356081YP,CNY,4.31,可用余额,0.0,2019-02-02 19:36:59,CHARGE,收款,WI000314344342PR,WOSP订单
UB863354117YP,CNY,9.25,可用余额,0.0,2019-02-02 19:36:58,CHARGE,收款,WI000314344324PR,WOSP订单
UB863671698YP,CNY,5.85,可用余额,0.0,2019-02-02 19:36:56,CHARGE,收款,WI000314344262PR,WOSP订单
UB863671636YP,CNY,9.55,可用余额,0.0,2019-02-02 19:36:53,CHARGE,收款,WI000314344107PR,WOSP订单
UB863355090YP,CNY,3.33,可用余额,0.0,2019-02-02 19:36:53,CHARGE,收款,WI000314344092PR,WOSP订单
UB863356855YP,CNY,5.03,可用余额,0.0,2019-02-02 19:36:52,CHARGE,收款,WI000314344084PR,WOSP订单
UB863356532YP,CNY,8.83,可用余额,0.0,2019-02-02 19:36:52,CHARGE,收款,WI000314344066PR,WOSP订单
UB863356634YP,CNY,5.15,可用余额,0.0,2019-02-02 19:36:52,CHARGE,收款,WI000314344063PR,WOSP订单
UB863353624YP,CNY,4.33,可用余额,0.0,2019-02-02 19:36:37,CHARGE,收款,WI000314343394PR,WOSP订单
UB863671931YP,CNY,8.31,可用余额,0.0,2019-02-02 19:36:34,CHARGE,收款,WI000314343220PR,WOSP订单
UB863354616YP,CNY,10.63,可用余额,0.0,2019-02-02 19:36:33,CHARGE,收款,WI000314343173PR,WOSP订单
UB857552277YP,CNY,5.62,可用余额,0.0,2019-02-02 18:54:26,CHARGE,收款,WI000314261062PR,WOSP订单
UB860194107YP,CNY,8.66,可用余额,0.0,2019-02-02 18:54:16,CHARGE,收款,WI000314260719PR,WOSP订单
UB860195204YP,CNY,5.5,可用余额,0.0,2019-02-02 18:53:55,CHARGE,收款,WI000314260124PR,WOSP订单
UB860194190YP,CNY,4.13,可用余额,0.0,2019-02-02 18:53:47,CHARGE,收款,WI000314259853PR,WOSP订单
UB860194040YP,CNY,5.5,可用余额,0.0,2019-02-02 18:53:36,CHARGE,收款,WI000314259536PR,WOSP订单
UB860681603YP,CNY,3.51,可用余额,0.0,2019-02-02 18:53:31,CHARGE,收款,WI000314259404PR,WOSP订单
UB857552325YP,CNY,8.44,可用余额,0.0,2019-02-02 18:53:25,CHARGE,收款,WI000314259238PR,WOSP订单
UB860194098YP,CNY,10.63,可用余额,0.0,2019-02-02 18:53:11,CHARGE,收款,WI000314258853PR,WOSP订单
UB860194827YP,CNY,4.9,可用余额,0.0,2019-02-02 18:53:01,CHARGE,收款,WI000314258573PR,WOSP订单
UB860194671YP,CNY,10.06,可用余额,0.0,2019-02-02 18:52:53,CHARGE,收款,WI000314258385PR,WOSP订单
UB857522933YP,CNY,10.15,可用余额,0.0,2019-02-02 18:52:43,CHARGE,收款,WI000314257981PR,WOSP订单
UB860194124YP,CNY,11.2,可用余额,0.0,2019-02-02 18:52:41,CHARGE,收款,WI000314257866PR,WOSP订单
UB860195249YP,CNY,6.16,可用余额,0.0,2019-02-02 18:52:36,CHARGE,收款,WI000314257643PR,WOSP订单
UB860194212YP,CNY,5.38,可用余额,0.0,2019-02-02 18:52:08,CHARGE,收款,WI000314256873PR,WOSP订单
UB860194795YP,CNY,4.44,可用余额,0.0,2019-02-02 18:52:08,CHARGE,收款,WI000314256872PR,WOSP订单
UB860194549YP,CNY,5.5,可用余额,0.0,2019-02-02 18:52:03,CHARGE,收款,WI000314256759PR,WOSP订单
UB860194265YP,CNY,6.29,可用余额,0.0,2019-02-02 18:52:00,CHARGE,收款,WI000314256714PR,WOSP订单
UB857522862YP,CNY,4.9,可用余额,0.0,2019-02-02 18:51:57,CHARGE,收款,WI000314256664PR,WOSP订单
UB860194637YP,CNY,5.08,可用余额,0.0,2019-02-02 18:51:47,CHARGE,收款,WI000314256537PR,WOSP订单
UB860681461YP,CNY,4.77,可用余额,0.0,2019-02-02 18:51:35,CHARGE,收款,WI000314256334PR,WOSP订单
UB860197094YP,CNY,4.11,可用余额,0.0,2019-02-02 18:51:33,CHARGE,收款,WI000314256282PR,WOSP订单
UB860195270YP,CNY,9.24,可用余额,0.0,2019-02-02 18:51:26,CHARGE,收款,WI000314256153PR,WOSP订单
UB860682847YP,CNY,6.05,可用余额,0.0,2019-02-02 18:51:24,CHARGE,收款,WI000314256123PR,WOSP订单
UB860194889YP,CNY,6.25,可用余额,0.0,2019-02-02 18:51:20,CHARGE,收款,WI000314256029PR,WOSP订单
UB857522893YP,CNY,5.15,可用余额,0.0,2019-02-02 18:51:17,CHARGE,收款,WI000314255968PR,WOSP订单
UB857552232YP,CNY,4.68,可用余额,0.0,2019-02-02 18:51:15,CHARGE,收款,WI000314255938PR,WOSP订单
UB860194345YP,CNY,7.96,可用余额,0.0,2019-02-02 18:51:12,CHARGE,收款,WI000314255871PR,WOSP订单
UB860195005YP,CNY,4.88,可用余额,0.0,2019-02-02 18:51:05,CHARGE,收款,WI000314255735PR,WOSP订单
UB860681577YP,CNY,4.91,可用余额,0.0,2019-02-02 18:51:05,CHARGE,收款,WI000314255737PR,WOSP订单
UB860194610YP,CNY,5.25,可用余额,0.0,2019-02-02 18:51:01,CHARGE,收款,WI000314255608PR,WOSP订单
UH306947246CN,CNY,5.5,可用余额,0.0,2019-02-02 12:46:49,CHARGE,收款,WI000313655760PR,WOSP订单
UQ983681405CN,CNY,6.0,可用余额,0.0,2019-02-02 12:46:48,CHARGE,收款,WI000313655688PR,WOSP订单
UH306962787CN,CNY,5.76,可用余额,0.0,2019-02-02 12:46:44,CHARGE,收款,WI000313655570PR,WOSP订单
UQ983539135CN,CNY,4.59,可用余额,0.0,2019-02-02 12:46:36,CHARGE,收款,WI000313655318PR,WOSP订单
UQ983538948CN,CNY,5.31,可用余额,0.0,2019-02-02 12:46:35,CHARGE,收款,WI000313655296PR,WOSP订单
UH306962760CN,CNY,5.63,可用余额,0.0,2019-02-02 12:35:18,CHARGE,收款,WI000313636566PR,WOSP订单
UQ983542823CN,CNY,8.89,可用余额,0.0,2019-02-02 12:35:08,CHARGE,收款,WI000313636104PR,WOSP订单
UQ983539373CN,CNY,11.13,可用余额,0.0,2019-02-02 12:34:58,CHARGE,收款,WI000313635736PR,WOSP订单
UQ983741237CN,CNY,5.6,可用余额,0.0,2019-02-02 12:34:56,CHARGE,收款,WI000313635656PR,WOSP订单
UQ983539081CN,CNY,4.76,可用余额,0.0,2019-02-02 12:34:42,CHARGE,收款,WI000313635131PR,WOSP订单
UQ983538996CN,CNY,10.04,可用余额,0.0,2019-02-02 12:34:29,CHARGE,收款,WI000313634666PR,WOSP订单
UQ983539325CN,CNY,4.13,可用余额,0.0,2019-02-02 12:34:05,CHARGE,收款,WI000313633892PR,WOSP订单
UQ983538925CN,CNY,8.08,可用余额,0.0,2019-02-02 12:33:37,CHARGE,收款,WI000313632578PR,WOSP订单
UQ983539400CN,CNY,5.04,可用余额,0.0,2019-02-02 12:33:36,CHARGE,收款,WI000313632528PR,WOSP订单
UQ983539223CN,CNY,4.59,可用余额,0.0,2019-02-02 12:33:32,CHARGE,收款,WI000313632347PR,WOSP订单
UQ983681445CN,CNY,5.48,可用余额,0.0,2019-02-02 12:33:29,CHARGE,收款,WI000313632199PR,WOSP订单
UQ983542602CN,CNY,4.65,可用余额,0.0,2019-02-02 12:33:22,CHARGE,收款,WI000313631895PR,WOSP订单
UQ983539055CN,CNY,5.8,可用余额,0.0,2019-02-02 12:33:21,CHARGE,收款,WI000313631844PR,WOSP订单
UQ983539299CN,CNY,6.7,可用余额,0.0,2019-02-02 12:23:40,CHARGE,收款,WI000313615833PR,WOSP订单
UQ983539166CN,CNY,5.27,可用余额,0.0,2019-02-02 12:23:40,CHARGE,收款,WI000313615827PR,WOSP订单
UQ983683242CN,CNY,4.72,可用余额,0.0,2019-02-02 12:23:25,CHARGE,收款,WI000313615285PR,WOSP订单
UQ983539461CN,CNY,5.44,可用余额,0.0,2019-02-02 12:23:24,CHARGE,收款,WI000313615236PR,WOSP订单
UQ983539183CN,CNY,4.79,可用余额,0.0,2019-02-02 12:22:57,CHARGE,收款,WI000313614289PR,WOSP订单
UB863356254YP,CNY,8.64,可用余额,0.0,2019-02-02 07:22:11,CHARGE,收款,WI000312810800PR,WOSP订单
VR047928226YP,CNY,23.85,可用余额,0.0,2019-02-02 06:40:17,CHARGE,收款,WI000312751499PR,WOSP订单
UB863354267YP,CNY,4.95,可用余额,0.0,2019-02-02 05:57:11,CHARGE,收款,WI000312698783PR,WOSP订单
UB863364216YP,CNY,3.83,可用余额,0.0,2019-02-02 05:57:00,CHARGE,收款,WI000312698426PR,WOSP订单
UB863355452YP,CNY,9.0,可用余额,0.0,2019-02-02 05:37:14,CHARGE,收款,WI000312684163PR,WOSP订单
UB863356943YP,CNY,4.54,可用余额,0.0,2019-02-02 05:12:56,CHARGE,收款,WI000312662317PR,WOSP订单
UB863353315YP,CNY,4.45,可用余额,0.0,2019-02-02 03:53:48,CHARGE,收款,WI000312584311PR,WOSP订单
UB863354576YP,CNY,10.04,可用余额,0.0,2019-02-02 03:39:01,CHARGE,收款,WI000312569574PR,WOSP订单
UB863355545YP,CNY,8.44,可用余额,0.0,2019-02-02 02:44:51,CHARGE,收款,WI000312515151PR,WOSP订单
UB863354704YP,CNY,5.72,可用余额,0.0,2019-02-02 02:33:34,CHARGE,收款,WI000312503930PR,WOSP订单
UB863355523YP,CNY,4.66,可用余额,0.0,2019-02-02 02:20:39,CHARGE,收款,WI000312490885PR,WOSP订单
UB863355917YP,CNY,7.26,可用余额,0.0,2019-02-02 02:20:33,CHARGE,收款,WI000312490856PR,WOSP订单
UB863356206YP,CNY,7.98,可用余额,0.0,2019-02-02 02:09:36,CHARGE,收款,WI000312479230PR,WOSP订单
UB863671905YP,CNY,10.15,可用余额,0.0,2019-02-02 01:46:31,CHARGE,收款,WI000312457201PR,WOSP订单
UB860195116YP,CNY,4.95,可用余额,0.0,2019-02-01 14:58:26,CHARGE,收款,WI000311569120PR,WOSP订单
UB857552348YP,CNY,4.08,可用余额,0.0,2019-02-01 14:54:06,CHARGE,收款,WI000311561815PR,WOSP订单
UB860194570YP,CNY,8.05,可用余额,0.0,2019-02-01 14:49:10,CHARGE,收款,WI000311554160PR,WOSP订单
UB860334609YP,CNY,5.06,可用余额,0.0,2019-02-01 14:36:51,CHARGE,收款,WI000311535203PR,WOSP订单
UB857552334YP,CNY,6.02,可用余额,0.0,2019-02-01 14:31:24,CHARGE,收款,WI000311527239PR,WOSP订单
UB860195235YP,CNY,4.56,可用余额,0.0,2019-02-01 14:16:50,CHARGE,收款,WI000311504786PR,WOSP订单
UB860194950YP,CNY,6.02,可用余额,0.0,2019-02-01 14:07:27,CHARGE,收款,WI000311493679PR,WOSP订单
UB860194623YP,CNY,5.61,可用余额,0.0,2019-02-01 13:58:07,CHARGE,收款,WI000311479454PR,WOSP订单
UB857553326YP,CNY,9.61,可用余额,0.0,2019-02-01 13:52:25,CHARGE,收款,WI000311470347PR,WOSP订单
UB860194708YP,CNY,11.27,可用余额,0.0,2019-02-01 13:36:08,CHARGE,收款,WI000311448571PR,WOSP订单
UB860194257YP,CNY,5.06,可用余额,0.0,2019-02-01 13:30:28,CHARGE,收款,WI000311439217PR,WOSP订单
UB860353639YP,CNY,4.33,可用余额,0.0,2019-02-01 13:30:12,CHARGE,收款,WI000311438593PR,WOSP订单
UB860194756YP,CNY,5.85,可用余额,0.0,2019-02-01 13:25:30,CHARGE,收款,WI000311431779PR,WOSP订单
UB860307841YP,CNY,3.83,可用余额,0.0,2019-02-01 13:23:10,CHARGE,收款,WI000311427151PR,WOSP订单
UB860194760YP,CNY,4.97,可用余额,0.0,2019-02-01 13:07:43,CHARGE,收款,WI000311404419PR,WOSP订单
UB860194800YP,CNY,4.75,可用余额,0.0,2019-02-01 12:57:33,CHARGE,收款,WI000311387331PR,WOSP订单
UB860194481YP,CNY,6.91,可用余额,0.0,2019-02-01 12:51:32,CHARGE,收款,WI000311378820PR,WOSP订单
UB860681550YP,CNY,9.49,可用余额,0.0,2019-02-01 12:45:49,CHARGE,收款,WI000311371744PR,WOSP订单
UB860194495YP,CNY,5.52,可用余额,0.0,2019-02-01 12:23:32,CHARGE,收款,WI000311346930PR,WOSP订单
UB857522828YP,CNY,11.85,可用余额,0.0,2019-02-01 12:20:06,CHARGE,收款,WI000311339544PR,WOSP订单
UB860194420YP,CNY,5.06,可用余额,0.0,2019-02-01 12:16:47,CHARGE,Charge,WI000311333872PR,WOSP订单
UB857522791YP,CNY,5.77,可用余额,0.0,2019-02-01 11:51:39,CHARGE,Charge,WI000311303253PR,WOSP Order
UB860194359YP,CNY,10.4,可用余额,0.0,2019-02-01 11:37:42,CHARGE,Charge,WI000311282875PR,WOSP Order
UB860681475YP,CNY,4.72,可用余额,0.0,2019-02-01 11:26:41,CHARGE,Charge,WI000311265301PR,WOSP Order
UB860197103YP,CNY,9.01,可用余额,0.0,2019-02-01 11:26:40,CHARGE,Charge,WI000311265226PR,WOSP Order
UB860195178YP,CNY,9.05,可用余额,0.0,2019-02-01 11:24:47,CHARGE,Charge,WI000311261962PR,WOSP Order
UB860195155YP,CNY,9.58,可用余额,0.0,2019-02-01 11:21:27,CHARGE,Charge,WI000311254569PR,WOSP Order
WI000091946096EPC,CNY,1.3,可用余额,0.0,2019-02-01 10:36:47,CHARGE,Charge,WI000311162551PR,WOSP Order
WI000091946096EPC,CNY,2.6,可用余额,0.0,2019-02-01 01:20:19,CHARGE,Charge,WI000310449474PR,WOSP Order
WI000033390175EPC,CNY,0.0,可用余额,12.24,2019-01-31 15:54:00,COMPENSATE,Compensate,WI000309495325PR,WOSP Order
WI000031713236EPC,CNY,0.0,可用余额,48.48,2019-01-31 14:23:02,COMPENSATE,Compensate,WI000309475660PR,WOSP Order
UB857066726YP,CNY,5.59,可用余额,0.0,2019-01-31 07:51:53,CHARGE,Charge,WI000308598725PR,WOSP Order
UB854900004YP,CNY,5.72,可用余额,0.0,2019-01-31 07:46:31,CHARGE,Charge,WI000308592651PR,WOSP Order
UB854671686YP,CNY,4.94,可用余额,0.0,2019-01-31 07:37:35,CHARGE,Charge,WI000308579281PR,WOSP Order
UB857066227YP,CNY,9.3,可用余额,0.0,2019-01-31 07:20:57,CHARGE,Charge,WI000308551912PR,WOSP Order
UB857066448YP,CNY,6.29,可用余额,0.0,2019-01-31 07:04:18,CHARGE,Charge,WI000308526697PR,WOSP Order
UB857067085YP,CNY,9.67,可用余额,0.0,2019-01-31 06:54:34,CHARGE,Charge,WI000308513141PR,WOSP Order
UB857066363YP,CNY,5.5,可用余额,0.0,2019-01-31 06:39:00,CHARGE,Charge,WI000308492938PR,WOSP Order
UB857067205YP,CNY,5.33,可用余额,0.0,2019-01-31 06:31:29,CHARGE,Charge,WI000308482974PR,WOSP Order
UB857066920YP,CNY,5.59,可用余额,0.0,2019-01-31 06:25:11,CHARGE,Charge,WI000308477493PR,WOSP Order
UB857067182YP,CNY,5.12,可用余额,0.0,2019-01-31 06:22:32,CHARGE,Charge,WI000308471621PR,WOSP Order
UB857066575YP,CNY,5.15,可用余额,0.0,2019-01-31 05:49:38,CHARGE,Charge,WI000308438296PR,WOSP Order
UB857066814YP,CNY,1.32,可用余额,0.0,2019-01-31 05:29:35,CHARGE,Charge,WI000308417488PR,WOSP Order
UB857066916YP,CNY,5.85,可用余额,0.0,2019-01-31 05:22:36,CHARGE,Charge,WI000308408965PR,WOSP Order
UB857066712YP,CNY,5.94,可用余额,0.0,2019-01-31 04:52:37,CHARGE,Charge,WI000308371238PR,WOSP Order
UB857066085YP,CNY,9.32,可用余额,0.0,2019-01-31 04:47:57,CHARGE,Charge,WI000308359865PR,WOSP Order
UB857066377YP,CNY,9.32,可用余额,0.0,2019-01-31 04:46:58,CHARGE,Charge,WI000308359177PR,WOSP Order
UB857066301YP,CNY,5.47,可用余额,0.0,2019-01-31 04:43:48,CHARGE,Charge,WI000308355888PR,WOSP Order
UB854900110YP,CNY,10.04,可用余额,0.0,2019-01-31 04:31:01,CHARGE,Charge,WI000308340412PR,WOSP Order
UB857066845YP,CNY,4.8,可用余额,0.0,2019-01-31 04:26:44,CHARGE,Charge,WI000308338155PR,WOSP Order
UB857068470YP,CNY,6.96,可用余额,0.0,2019-01-31 04:00:22,CHARGE,Charge,WI000308314995PR,WOSP Order
UB854671828YP,CNY,4.77,可用余额,0.0,2019-01-31 03:56:11,CHARGE,Charge,WI000308312372PR,WOSP Order
UB854671726YP,CNY,5.61,可用余额,0.0,2019-01-31 03:51:06,CHARGE,Charge,WI000308307341PR,WOSP Order
UB857067134YP,CNY,5.11,可用余额,0.0,2019-01-31 03:36:32,CHARGE,Charge,WI000308297603PR,WOSP Order
UB857066669YP,CNY,9.56,可用余额,0.0,2019-01-31 03:34:26,CHARGE,Charge,WI000308296233PR,WOSP Order
UB857066261YP,CNY,10.0,可用余额,0.0,2019-01-31 03:24:24,CHARGE,Charge,WI000308286535PR,WOSP Order
UB854671876YP,CNY,10.0,可用余额,0.0,2019-01-31 03:05:39,CHARGE,Charge,WI000308272372PR,WOSP Order
UB857067148YP,CNY,4.67,可用余额,0.0,2019-01-31 02:41:51,CHARGE,Charge,WI000308248677PR,WOSP Order
VR047575104YP,CNY,37.78,可用余额,0.0,2019-01-31 02:36:33,CHARGE,Charge,WI000308246031PR,WOSP Order
UB857066567YP,CNY,5.2,可用余额,0.0,2019-01-31 02:13:49,CHARGE,Charge,WI000308230388PR,WOSP Order
UB857066981YP,CNY,4.77,可用余额,0.0,2019-01-31 01:58:51,CHARGE,Charge,WI000308219312PR,WOSP Order
WI000091945966EPC,CNY,4.94,可用余额,0.0,2019-01-31 01:49:16,CHARGE,Charge,WI000308210885PR,WOSP Order
WI000091945997EPC,CNY,2.67,可用余额,0.0,2019-01-31 01:48:55,CHARGE,Charge,WI000308210659PR,WOSP Order
WI000091946003EPC,CNY,2.73,可用余额,0.0,2019-01-31 01:48:46,CHARGE,Charge,WI000308210492PR,WOSP Order
UQ959260067CN,CNY,5.63,可用余额,0.0,2019-01-30 22:53:12,CHARGE,Charge,WI000307951811PR,WOSP Order
UQ960916536CN,CNY,8.04,可用余额,0.0,2019-01-30 22:52:45,CHARGE,Charge,WI000307950844PR,WOSP Order
WI000091946785EPC,CNY,4.62,可用余额,0.0,2019-01-30 17:57:09,CHARGE,Charge,WI000307562417PR,WOSP Order
WI000091945966EPC,CNY,9.88,可用余额,0.0,2019-01-30 17:56:40,CHARGE,Charge,WI000307560876PR,WOSP Order
WI000091646423EPC,CNY,9.36,可用余额,0.0,2019-01-30 17:55:48,CHARGE,Charge,WI000307557214PR,WOSP Order
WI000091946771EPC,CNY,17.81,可用余额,0.0,2019-01-30 17:55:17,CHARGE,Charge,WI000307554635PR,WOSP Order
WI000091946122EPC,CNY,5.46,可用余额,0.0,2019-01-30 17:55:16,CHARGE,Charge,WI000307554553PR,WOSP Order
WI000091946065EPC,CNY,5.46,可用余额,0.0,2019-01-30 17:52:20,CHARGE,Charge,WI000307543227PR,WOSP Order
WI000091946003EPC,CNY,5.46,可用余额,0.0,2019-01-30 17:52:16,CHARGE,Charge,WI000307542767PR,WOSP Order
WI000091945997EPC,CNY,5.33,可用余额,0.0,2019-01-30 17:52:11,CHARGE,Charge,WI000307542238PR,WOSP Order
WI000091946034EPC,CNY,5.46,可用余额,0.0,2019-01-30 17:50:41,CHARGE,Charge,WI000307536191PR,WOSP Order
WI000091946136EPC,CNY,5.59,可用余额,0.0,2019-01-30 17:50:37,CHARGE,Charge,WI000307535450PR,WOSP Order
WI000091946105EPC,CNY,5.33,可用余额,0.0,2019-01-30 17:50:35,CHARGE,Charge,WI000307535039PR,WOSP Order
WI000091646556EPC,CNY,9.75,可用余额,0.0,2019-01-30 17:45:32,CHARGE,Charge,WI000307518835PR,WOSP Order
UB853244240YP,CNY,5.59,可用余额,0.0,2019-01-30 10:40:36,CHARGE,Charge,WI000306814601PR,WOSP Order
UB853901887YP,CNY,8.95,可用余额,0.0,2019-01-30 10:35:40,CHARGE,Charge,WI000306807512PR,WOSP Order
UB854065514YP,CNY,9.24,可用余额,0.0,2019-01-30 10:35:12,CHARGE,Charge,WI000306806473PR,WOSP Order
UB853243377YP,CNY,5.59,可用余额,0.0,2019-01-30 10:25:28,CHARGE,Charge,WI000306785495PR,WOSP Order
UB853244029YP,CNY,5.15,可用余额,0.0,2019-01-30 10:24:11,CHARGE,Charge,WI000306782331PR,WOSP Order
UB851662053YP,CNY,8.95,可用余额,0.0,2019-01-30 09:57:25,CHARGE,Charge,WI000306716613PR,WOSP Order
UB853960457YP,CNY,9.63,可用余额,0.0,2019-01-30 09:51:47,CHARGE,Charge,WI000306701593PR,WOSP Order
UB851661747YP,CNY,3.22,可用余额,0.0,2019-01-30 09:44:49,CHARGE,Charge,WI000306685665PR,WOSP Order
UB853901873YP,CNY,5.07,可用余额,0.0,2019-01-30 09:29:28,CHARGE,Charge,WI000306633588PR,WOSP Order
UB853960412YP,CNY,6.38,可用余额,0.0,2019-01-30 09:27:08,CHARGE,Charge,WI000306623255PR,WOSP Order
UB853244253YP,CNY,3.83,可用余额,0.0,2019-01-30 09:26:58,CHARGE,Charge,WI000306622744PR,WOSP Order
UB853244580YP,CNY,9.35,可用余额,0.0,2019-01-30 09:09:23,CHARGE,Charge,WI000306571603PR,WOSP Order
UB851661659YP,CNY,6.87,可用余额,0.0,2019-01-30 09:09:22,CHARGE,Charge,WI000306571538PR,WOSP Order
UB854062495YP,CNY,4.75,可用余额,0.0,2019-01-30 09:06:05,CHARGE,Charge,WI000306560988PR,WOSP Order
UB851661852YP,CNY,5.12,可用余额,0.0,2019-01-30 09:04:09,CHARGE,Charge,WI000306554984PR,WOSP Order
UB853243403YP,CNY,5.38,可用余额,0.0,2019-01-30 09:00:57,CHARGE,Charge,WI000306548049PR,WOSP Order
UB853243788YP,CNY,4.75,可用余额,0.0,2019-01-30 08:51:35,CHARGE,Charge,WI000306526176PR,WOSP Order
UB853243845YP,CNY,5.61,可用余额,0.0,2019-01-30 08:23:41,CHARGE,Charge,WI000306464899PR,WOSP Order
UB851661923YP,CNY,5.5,可用余额,0.0,2019-01-30 08:20:16,CHARGE,Charge,WI000306457513PR,WOSP Order
UB853249091YP,CNY,3.74,可用余额,0.0,2019-01-30 08:20:11,CHARGE,Charge,WI000306457315PR,WOSP Order
UB851661945YP,CNY,5.53,可用余额,0.0,2019-01-30 06:38:02,CHARGE,Charge,WI000306318171PR,WOSP Order
UB851663371YP,CNY,4.84,可用余额,0.0,2019-01-30 06:26:12,CHARGE,Charge,WI000306306106PR,WOSP Order
UB851661530YP,CNY,10.27,可用余额,0.0,2019-01-30 06:17:51,CHARGE,Charge,WI000306294901PR,WOSP Order
UB853243536YP,CNY,5.53,可用余额,0.0,2019-01-30 06:17:23,CHARGE,Charge,WI000306294242PR,WOSP Order
UB853901900YP,CNY,6.25,可用余额,0.0,2019-01-30 06:17:09,CHARGE,Charge,WI000306293687PR,WOSP Order
UB853243045YP,CNY,5.65,可用余额,0.0,2019-01-30 06:04:12,CHARGE,Charge,WI000306275218PR,WOSP Order
UB853244695YP,CNY,5.97,可用余额,0.0,2019-01-30 05:58:30,CHARGE,Charge,WI000306267322PR,WOSP Order
UB853244103YP,CNY,8.89,可用余额,0.0,2019-01-30 05:53:38,CHARGE,Charge,WI000306263001PR,WOSP Order
UB853243315YP,CNY,9.62,可用余额,0.0,2019-01-30 05:53:35,CHARGE,Charge,WI000306262877PR,WOSP Order
UB854063116YP,CNY,4.76,可用余额,0.0,2019-01-30 05:52:52,CHARGE,Charge,WI000306261354PR,WOSP Order
UB853243195YP,CNY,5.72,可用余额,0.0,2019-01-30 05:30:45,CHARGE,Charge,WI000306241031PR,WOSP Order
UB853244426YP,CNY,5.02,可用余额,0.0,2019-01-30 05:25:24,CHARGE,Charge,WI000306238108PR,WOSP Order
UB851661778YP,CNY,7.05,可用余额,0.0,2019-01-30 05:22:25,CHARGE,Charge,WI000306233574PR,WOSP Order
VR047391410YP,CNY,27.86,可用余额,0.0,2019-01-30 05:21:30,CHARGE,Charge,WI000306232771PR,WOSP Order
UB853901961YP,CNY,4.76,可用余额,0.0,2019-01-30 05:19:27,CHARGE,Charge,WI000306231846PR,WOSP Order
UB853249057YP,CNY,3.48,可用余额,0.0,2019-01-30 05:10:59,CHARGE,Charge,WI000306224056PR,WOSP Order
UB853244514YP,CNY,6.38,可用余额,0.0,2019-01-30 05:10:50,CHARGE,Charge,WI000306223719PR,WOSP Order
UB853901958YP,CNY,10.71,可用余额,0.0,2019-01-30 05:10:48,CHARGE,Charge,WI000306223662PR,WOSP Order
UB853243575YP,CNY,1.37,可用余额,0.0,2019-01-30 04:43:42,CHARGE,Charge,WI000306197040PR,WOSP Order
WI00125038664SH,CNY,24.97,可用余额,0.0,2019-01-29 22:56:57,CHARGE,Charge,WI000305798496PR,WOSP Order
UQ945084495CN,CNY,8.48,可用余额,0.0,2019-01-29 18:04:53,CHARGE,Charge,WI000305453327PR,WOSP Order
UQ952921525CN,CNY,4.86,可用余额,0.0,2019-01-29 18:04:45,CHARGE,Charge,WI000305453074PR,WOSP Order
UB849678559YP,CNY,3.83,可用余额,0.0,2019-01-29 11:02:26,CHARGE,Charge,WI000304628285PR,WOSP Order
UB849668145YP,CNY,3.64,可用余额,0.0,2019-01-29 10:53:44,CHARGE,Charge,WI000304612875PR,WOSP Order
UB849665229YP,CNY,4.25,可用余额,0.0,2019-01-29 10:51:28,CHARGE,Charge,WI000304607950PR,WOSP Order
UB849668715YP,CNY,6.25,可用余额,0.0,2019-01-29 10:39:53,CHARGE,Charge,WI000304579470PR,WOSP Order
UB849665674YP,CNY,5.46,可用余额,0.0,2019-01-29 10:01:28,CHARGE,Charge,WI000304501774PR,WOSP Order
UB849672701YP,CNY,7.98,可用余额,0.0,2019-01-29 10:00:25,CHARGE,Charge,WI000304497427PR,WOSP Order
UB850488115YP,CNY,4.69,可用余额,0.0,2019-01-29 09:33:47,CHARGE,Charge,WI000304430477PR,WOSP Order
UB850491352YP,CNY,6.49,可用余额,0.0,2019-01-29 09:04:43,CHARGE,Charge,WI000304344048PR,WOSP Order
UB849667689YP,CNY,3.73,可用余额,0.0,2019-01-29 09:03:27,CHARGE,Charge,WI000304340667PR,WOSP Order
UB849667851YP,CNY,4.79,可用余额,0.0,2019-01-29 08:48:52,CHARGE,Charge,WI000304306321PR,WOSP Order
UB849748555YP,CNY,10.13,可用余额,0.0,2019-01-29 08:39:20,CHARGE,Charge,WI000304285344PR,WOSP Order
UB849668168YP,CNY,13.22,可用余额,0.0,2019-01-29 08:37:48,CHARGE,Charge,WI000304282108PR,WOSP Order
UB849666935YP,CNY,4.91,可用余额,0.0,2019-01-29 08:26:26,CHARGE,Charge,WI000304253475PR,WOSP Order
UB849668446YP,CNY,5.2,可用余额,0.0,2019-01-29 08:23:07,CHARGE,Charge,WI000304247436PR,WOSP Order
UB849667542YP,CNY,8.48,可用余额,0.0,2019-01-29 08:11:04,CHARGE,Charge,WI000304229804PR,WOSP Order
UB849667370YP,CNY,5.2,可用余额,0.0,2019-01-29 08:08:52,CHARGE,Charge,WI000304227674PR,WOSP Order
UB850894881YP,CNY,5.37,可用余额,0.0,2019-01-29 07:46:29,CHARGE,Charge,WI000304194424PR,WOSP Order
UB849667145YP,CNY,4.79,可用余额,0.0,2019-01-29 07:45:37,CHARGE,Charge,WI000304192442PR,WOSP Order
UB850488512YP,CNY,5.32,可用余额,0.0,2019-01-29 07:40:27,CHARGE,Charge,WI000304184350PR,WOSP Order
UB847401697YP,CNY,5.11,可用余额,0.0,2019-01-29 07:29:15,CHARGE,Charge,WI000304155875PR,WOSP Order
UB849669115YP,CNY,5.5,可用余额,0.0,2019-01-29 07:23:36,CHARGE,Charge,WI000304148571PR,WOSP Order
UB849667998YP,CNY,5.59,可用余额,0.0,2019-01-29 07:13:31,CHARGE,Charge,WI000304138044PR,WOSP Order
UB850894847YP,CNY,5.2,可用余额,0.0,2019-01-29 07:12:57,CHARGE,Charge,WI000304137105PR,WOSP Order
UB849669747YP,CNY,5.59,可用余额,0.0,2019-01-29 07:12:39,CHARGE,Charge,WI000304136729PR,WOSP Order
UB847401710YP,CNY,9.55,可用余额,0.0,2019-01-29 07:05:44,CHARGE,Charge,WI000304128326PR,WOSP Order
UB849665060YP,CNY,9.3,可用余额,0.0,2019-01-29 06:29:42,CHARGE,Charge,WI000304080512PR,WOSP Order
UB850894970YP,CNY,5.18,可用余额,0.0,2019-01-29 06:29:16,CHARGE,Charge,WI000304080170PR,WOSP Order
UB850894780YP,CNY,9.63,可用余额,0.0,2019-01-29 06:23:40,CHARGE,Charge,WI000304067618PR,WOSP Order
UB850894820YP,CNY,5.81,可用余额,0.0,2019-01-29 05:58:38,CHARGE,Charge,WI000304044176PR,WOSP Order
UB850894816YP,CNY,3.33,可用余额,0.0,2019-01-29 05:47:46,CHARGE,Charge,WI000304035543PR,WOSP Order
UB850488044YP,CNY,5.24,可用余额,0.0,2019-01-29 05:42:02,CHARGE,Charge,WI000304030203PR,WOSP Order
UB849668450YP,CNY,5.38,可用余额,0.0,2019-01-29 05:40:16,CHARGE,Charge,WI000304029081PR,WOSP Order
UB849666900YP,CNY,5.07,可用余额,0.0,2019-01-29 05:32:06,CHARGE,Charge,WI000304021960PR,WOSP Order
UB849667471YP,CNY,5.97,可用余额,0.0,2019-01-29 05:31:12,CHARGE,Charge,WI000304021328PR,WOSP Order
UB847401706YP,CNY,4.91,可用余额,0.0,2019-01-29 05:21:43,CHARGE,Charge,WI000304012665PR,WOSP Order
UB850894895YP,CNY,5.61,可用余额,0.0,2019-01-29 05:20:38,CHARGE,Charge,WI000304012011PR,WOSP Order
WI000089091305EPC,CNY,5.46,可用余额,0.0,2019-01-28 15:10:09,CHARGE,Charge,WI000303172355PR,WOSP Order
UB846741155YP,CNY,5.25,可用余额,0.0,2019-01-28 11:05:45,CHARGE,Charge,WI000302831217PR,WOSP Order
UB845114999YP,CNY,9.95,可用余额,0.0,2019-01-28 10:56:25,CHARGE,Charge,WI000302812112PR,WOSP Order
UB842005031YP,CNY,4.24,可用余额,0.0,2019-01-28 10:50:40,CHARGE,Charge,WI000302799167PR,WOSP Order
UB846737496YP,CNY,5.5,可用余额,0.0,2019-01-28 10:47:12,CHARGE,Charge,WI000302792170PR,WOSP Order
UB846736734YP,CNY,9.24,可用余额,0.0,2019-01-28 10:44:24,CHARGE,Charge,WI000302786267PR,WOSP Order
UB846736399YP,CNY,4.21,可用余额,0.0,2019-01-28 10:31:07,CHARGE,Charge,WI000302753681PR,WOSP Order
UB844277514YP,CNY,6.3,可用余额,0.0,2019-01-28 10:21:50,CHARGE,Charge,WI000302725745PR,WOSP Order
UB842359649YP,CNY,4.86,可用余额,0.0,2019-01-28 10:18:38,CHARGE,Charge,WI000302716270PR,WOSP Order
UB847051948YP,CNY,9.23,可用余额,0.0,2019-01-28 10:18:28,CHARGE,Charge,WI000302715766PR,WOSP Order
UB842359405YP,CNY,11.31,可用余额,0.0,2019-01-28 10:17:18,CHARGE,Charge,WI000302712419PR,WOSP Order
UB845115019YP,CNY,4.9,可用余额,0.0,2019-01-28 10:07:46,CHARGE,Charge,WI000302685244PR,WOSP Order
UB845426930YP,CNY,5.59,可用余额,0.0,2019-01-28 09:56:27,CHARGE,Charge,WI000302643689PR,WOSP Order
UB844290731YP,CNY,4.84,可用余额,0.0,2019-01-28 09:53:16,CHARGE,Charge,WI000302632862PR,WOSP Order
UB842006730YP,CNY,6.16,可用余额,0.0,2019-01-28 09:52:16,CHARGE,Charge,WI000302629288PR,WOSP Order
UB844277179YP,CNY,4.96,可用余额,0.0,2019-01-28 09:41:41,CHARGE,Charge,WI000302592942PR,WOSP Order
UB844277837YP,CNY,4.68,可用余额,0.0,2019-01-28 09:14:03,CHARGE,Charge,WI000302488101PR,WOSP Order
UB846736297YP,CNY,5.15,可用余额,0.0,2019-01-28 09:07:24,CHARGE,Charge,WI000302463309PR,WOSP Order
UB846737598YP,CNY,3.51,可用余额,0.0,2019-01-28 09:06:29,CHARGE,Charge,WI000302459644PR,WOSP Order
UB842359595YP,CNY,5.46,可用余额,0.0,2019-01-28 09:04:03,CHARGE,Charge,WI000302451073PR,WOSP Order
UB846754980YP,CNY,4.84,可用余额,0.0,2019-01-28 08:38:24,CHARGE,Charge,WI000302380771PR,WOSP Order
UB844277960YP,CNY,8.66,可用余额,0.0,2019-01-28 08:34:13,CHARGE,Charge,WI000302370168PR,WOSP Order
UB845114968YP,CNY,4.24,可用余额,0.0,2019-01-28 08:33:46,CHARGE,Charge,WI000302369070PR,WOSP Order
UB844487107YP,CNY,14.38,可用余额,0.0,2019-01-28 08:29:35,CHARGE,Charge,WI000302360332PR,WOSP Order
UB844277426YP,CNY,4.54,可用余额,0.0,2019-01-28 08:28:33,CHARGE,Charge,WI000302358456PR,WOSP Order
UB846743678YP,CNY,4.09,可用余额,0.0,2019-01-28 08:25:13,CHARGE,Charge,WI000302352793PR,WOSP Order
UB846736663YP,CNY,5.09,可用余额,0.0,2019-01-28 08:25:12,CHARGE,Charge,WI000302352763PR,WOSP Order
UB844276978YP,CNY,5.55,可用余额,0.0,2019-01-28 08:22:44,CHARGE,Charge,WI000302347477PR,WOSP Order
UB842005062YP,CNY,5.59,可用余额,0.0,2019-01-28 08:21:58,CHARGE,Charge,WI000302346298PR,WOSP Order
UB845114906YP,CNY,4.88,可用余额,0.0,2019-01-28 08:20:28,CHARGE,Charge,WI000302343553PR,WOSP Order
UB846736884YP,CNY,5.38,可用余额,0.0,2019-01-28 08:17:28,CHARGE,Charge,WI000302338656PR,WOSP Order
UB844277695YP,CNY,5.02,可用余额,0.0,2019-01-28 08:12:53,CHARGE,Charge,WI000302331107PR,WOSP Order
VR046770186YP,CNY,18.93,可用余额,0.0,2019-01-28 08:11:00,CHARGE,Charge,WI000302327426PR,WOSP Order
UB842004985YP,CNY,5.85,可用余额,0.0,2019-01-28 08:09:07,CHARGE,收款,WI000302324519PR,WOSP Order
UB844278642YP,CNY,5.55,可用余额,0.0,2019-01-28 08:03:00,CHARGE,收款,WI000302314585PR,WOSP订单
UB844277939YP,CNY,8.07,可用余额,0.0,2019-01-28 07:58:07,CHARGE,收款,WI000302308542PR,WOSP订单
UB842359578YP,CNY,5.25,可用余额,0.0,2019-01-28 07:52:39,CHARGE,收款,WI000302300633PR,WOSP订单
UB846737108YP,CNY,5.81,可用余额,0.0,2019-01-28 07:46:44,CHARGE,收款,WI000302291341PR,WOSP订单
UB844277205YP,CNY,5.44,可用余额,0.0,2019-01-28 07:40:36,CHARGE,收款,WI000302283071PR,WOSP订单
UB844277094YP,CNY,4.02,可用余额,0.0,2019-01-28 07:39:08,CHARGE,收款,WI000302281698PR,WOSP订单
UB846735685YP,CNY,5.5,可用余额,0.0,2019-01-28 07:27:54,CHARGE,收款,WI000302268581PR,WOSP订单
UB844290705YP,CNY,3.48,可用余额,0.0,2019-01-28 07:23:54,CHARGE,收款,WI000302265039PR,WOSP订单
UB844277032YP,CNY,5.59,可用余额,0.0,2019-01-28 07:15:01,CHARGE,收款,WI000302256105PR,WOSP订单
UB842005014YP,CNY,4.66,可用余额,0.0,2019-01-28 07:12:31,CHARGE,收款,WI000302253641PR,WOSP订单
UB846736500YP,CNY,5.0,可用余额,0.0,2019-01-28 07:09:24,CHARGE,收款,WI000302251019PR,WOSP订单
UB844277620YP,CNY,4.75,可用余额,0.0,2019-01-28 06:32:43,CHARGE,收款,WI000302221067PR,WOSP订单
UB845115084YP,CNY,5.85,可用余额,0.0,2019-01-28 06:31:38,CHARGE,收款,WI000302220343PR,WOSP订单
UB845115053YP,CNY,5.03,可用余额,0.0,2019-01-28 06:30:57,CHARGE,收款,WI000302220001PR,WOSP订单
UB845114870YP,CNY,4.22,可用余额,0.0,2019-01-28 06:20:58,CHARGE,收款,WI000302214922PR,WOSP订单
UB846735464YP,CNY,5.59,可用余额,0.0,2019-01-28 06:15:52,CHARGE,收款,WI000302212788PR,WOSP订单
UB846735288YP,CNY,5.61,可用余额,0.0,2019-01-28 06:15:45,CHARGE,收款,WI000302212663PR,WOSP订单
UB842005102YP,CNY,5.2,可用余额,0.0,2019-01-28 06:10:31,CHARGE,收款,WI000302210012PR,WOSP订单
UB844277735YP,CNY,5.69,可用余额,0.0,2019-01-28 06:10:06,CHARGE,收款,WI000302209873PR,WOSP订单
UB842359564YP,CNY,4.83,可用余额,0.0,2019-01-28 06:07:42,CHARGE,收款,WI000302209113PR,WOSP订单
UB842005116YP,CNY,4.62,可用余额,0.0,2019-01-28 06:07:13,CHARGE,收款,WI000302208919PR,WOSP订单
UB846735950YP,CNY,4.21,可用余额,0.0,2019-01-28 06:05:27,CHARGE,收款,WI000302208087PR,WOSP订单
UB847052095YP,CNY,4.67,可用余额,0.0,2019-01-28 06:02:28,CHARGE,收款,WI000302206546PR,WOSP订单
UB842359520YP,CNY,5.46,可用余额,0.0,2019-01-28 05:59:57,CHARGE,Charge,WI000302200673PR,WOSP订单
UB844277412YP,CNY,5.03,可用余额,0.0,2019-01-28 05:54:51,CHARGE,Charge,WI000302198371PR,WOSP Order
UB846735416YP,CNY,4.94,可用余额,0.0,2019-01-28 05:54:20,CHARGE,Charge,WI000302198088PR,WOSP Order
UB845114897YP,CNY,4.77,可用余额,0.0,2019-01-28 05:49:18,CHARGE,Charge,WI000302195640PR,WOSP Order
UB846742213YP,CNY,3.98,可用余额,0.0,2019-01-28 05:36:43,CHARGE,Charge,WI000302189947PR,WOSP Order
UB844277885YP,CNY,3.91,可用余额,0.0,2019-01-28 05:32:44,CHARGE,Charge,WI000302187904PR,WOSP Order
UB846736031YP,CNY,4.79,可用余额,0.0,2019-01-28 05:29:21,CHARGE,Charge,WI000302186338PR,WOSP Order
UB845114818YP,CNY,5.5,可用余额,0.0,2019-01-28 05:21:07,CHARGE,Charge,WI000302182915PR,WOSP Order
UB845426943YP,CNY,4.33,可用余额,0.0,2019-01-28 05:20:03,CHARGE,Charge,WI000302182365PR,WOSP Order
RQ878986910CN,CNY,27.73,可用余额,0.0,2019-01-27 13:13:27,CHARGE,Charge,WI000301223241PR,WOSP Order
RQ878986923CN,CNY,27.07,可用余额,0.0,2019-01-27 13:13:18,CHARGE,Charge,WI000301222901PR,WOSP Order
WI000088193657EPC,CNY,5.07,可用余额,0.0,2019-01-27 06:02:00,CHARGE,Charge,WI000300655707PR,WOSP Order
UQ932327278CN,CNY,5.52,可用余额,0.0,2019-01-26 21:43:55,CHARGE,Charge,WI000300146693PR,WOSP Order
UQ932328239CN,CNY,4.97,可用余额,0.0,2019-01-26 21:42:53,CHARGE,Charge,WI000300144098PR,WOSP Order
UQ935595463CN,CNY,3.62,可用余额,0.0,2019-01-26 21:32:31,CHARGE,Charge,WI000300133778PR,WOSP Order
UQ932328415CN,CNY,5.17,可用余额,0.0,2019-01-26 21:32:26,CHARGE,Charge,WI000300133624PR,WOSP Order
UQ897398275CN,CNY,4.7,可用余额,0.0,2019-01-26 16:44:49,CHARGE,Charge,WI000299785398PR,WOSP Order
UB838394508YP,CNY,5.13,可用余额,0.0,2019-01-26 13:05:11,CHARGE,Charge,WI000299332403PR,WOSP Order
UB838395070YP,CNY,8.78,可用余额,0.0,2019-01-26 13:04:05,CHARGE,Charge,WI000299329831PR,WOSP Order
UB838400115YP,CNY,3.92,可用余额,0.0,2019-01-26 12:57:51,CHARGE,Charge,WI000299312089PR,WOSP Order
UB838394896YP,CNY,5.46,可用余额,0.0,2019-01-26 10:32:40,CHARGE,Charge,WI000299109346PR,WOSP Order
UB838395208YP,CNY,5.13,可用余额,0.0,2019-01-26 10:29:59,CHARGE,Charge,WI000299100729PR,WOSP Order
UB840910995YP,CNY,6.2,可用余额,0.0,2019-01-26 10:18:39,CHARGE,Charge,WI000299072883PR,WOSP Order
UB840910956YP,CNY,14.95,可用余额,0.0,2019-01-26 10:10:52,CHARGE,Charge,WI000299055449PR,WOSP Order
UB840909785YP,CNY,5.62,可用余额,0.0,2019-01-26 10:06:04,CHARGE,Charge,WI000299043497PR,WOSP Order
UB840909547YP,CNY,5.85,可用余额,0.0,2019-01-26 10:01:00,CHARGE,Charge,WI000299030585PR,WOSP Order
UB839229958YP,CNY,4.9,可用余额,0.0,2019-01-26 09:57:33,CHARGE,Charge,WI000299022647PR,WOSP Order
UB840911599YP,CNY,4.18,可用余额,0.0,2019-01-26 09:57:18,CHARGE,Charge,WI000299022062PR,WOSP Order
UB838394613YP,CNY,5.5,可用余额,0.0,2019-01-26 09:46:04,CHARGE,Charge,WI000298995827PR,WOSP Order
UB839229913YP,CNY,4.88,可用余额,0.0,2019-01-26 09:11:07,CHARGE,Charge,WI000298883751PR,WOSP Order
UB839229935YP,CNY,5.85,可用余额,0.0,2019-01-26 09:08:19,CHARGE,Charge,WI000298876819PR,WOSP Order
UB838395295YP,CNY,5.18,可用余额,0.0,2019-01-26 09:06:18,CHARGE,Charge,WI000298871942PR,WOSP Order
UB838394922YP,CNY,5.32,可用余额,0.0,2019-01-26 09:03:30,CHARGE,Charge,WI000298865336PR,WOSP Order
UB838395021YP,CNY,4.77,可用余额,0.0,2019-01-26 08:41:06,CHARGE,Charge,WI000298801235PR,WOSP Order
UB838394410YP,CNY,5.27,可用余额,0.0,2019-01-26 08:35:40,CHARGE,Charge,WI000298790252PR,WOSP Order
UB840910134YP,CNY,10.23,可用余额,0.0,2019-01-26 08:21:15,CHARGE,Charge,WI000298767264PR,WOSP Order
UB839229887YP,CNY,9.36,可用余额,0.0,2019-01-26 08:16:54,CHARGE,Charge,WI000298760293PR,WOSP Order
UB841159500YP,CNY,8.78,可用余额,0.0,2019-01-26 08:14:32,CHARGE,Charge,WI000298755030PR,WOSP Order
UB838394560YP,CNY,5.38,可用余额,0.0,2019-01-26 08:09:47,CHARGE,Charge,WI000298745627PR,WOSP Order
UB839229944YP,CNY,5.75,可用余额,0.0,2019-01-26 07:56:37,CHARGE,Charge,WI000298723455PR,WOSP Order
UB838394777YP,CNY,8.81,可用余额,0.0,2019-01-26 07:47:18,CHARGE,Charge,WI000298712555PR,WOSP Order
UB838394785YP,CNY,4.97,可用余额,0.0,2019-01-26 07:35:16,CHARGE,Charge,WI000298697578PR,WOSP Order
UB827558262YP,CNY,3.31,可用余额,0.0,2019-01-26 07:28:06,CHARGE,Charge,WI000298690047PR,WOSP Order
UB838395185YP,CNY,4.75,可用余额,0.0,2019-01-26 07:26:11,CHARGE,Charge,WI000298688580PR,WOSP Order
UB840910580YP,CNY,10.88,可用余额,0.0,2019-01-26 07:06:39,CHARGE,Charge,WI000298673767PR,WOSP Order
UB839229975YP,CNY,5.98,可用余额,0.0,2019-01-26 06:54:31,CHARGE,Charge,WI000298656725PR,WOSP Order
UB839229961YP,CNY,8.63,可用余额,0.0,2019-01-26 06:50:16,CHARGE,Charge,WI000298653577PR,WOSP Order
UB840914856YP,CNY,4.0,可用余额,0.0,2019-01-26 06:44:47,CHARGE,Charge,WI000298649414PR,WOSP Order
UB838394675YP,CNY,5.2,可用余额,0.0,2019-01-26 06:41:15,CHARGE,Charge,WI000298645388PR,WOSP Order
UB840911506YP,CNY,8.27,可用余额,0.0,2019-01-26 06:34:57,CHARGE,Charge,WI000298641804PR,WOSP Order
UB839229895YP,CNY,5.02,可用余额,0.0,2019-01-26 06:25:49,CHARGE,Charge,WI000298637133PR,WOSP Order
UB840910681YP,CNY,5.85,可用余额,0.0,2019-01-26 06:13:23,CHARGE,Charge,WI000298631520PR,WOSP Order
UB841159589YP,CNY,5.97,可用余额,0.0,2019-01-26 06:04:09,CHARGE,Charge,WI000298627790PR,WOSP Order
UB840911086YP,CNY,5.2,可用余额,0.0,2019-01-26 05:51:04,CHARGE,Charge,WI000298621023PR,WOSP Order
UB838395344YP,CNY,9.44,可用余额,0.0,2019-01-26 05:47:00,CHARGE,Charge,WI000298619574PR,WOSP Order
UB841162319YP,CNY,5.59,可用余额,0.0,2019-01-26 05:43:40,CHARGE,Charge,WI000298617443PR,WOSP Order
UB838394437YP,CNY,5.92,可用余额,0.0,2019-01-26 05:23:57,CHARGE,Charge,WI000298606260PR,WOSP Order
WI00124833932SH,CNY,24.56,可用余额,0.0,2019-01-26 05:22:43,CHARGE,Charge,WI000298605073PR,WOSP Order
UB838394499YP,CNY,5.53,可用余额,0.0,2019-01-26 05:21:49,CHARGE,Charge,WI000298604461PR,WOSP Order
UB841159629YP,CNY,5.75,可用余额,0.0,2019-01-26 05:19:05,CHARGE,Charge,WI000298603318PR,WOSP Order
UB840910721YP,CNY,4.91,可用余额,0.0,2019-01-26 05:11:28,CHARGE,Charge,WI000298598211PR,WOSP Order
UB840911157YP,CNY,5.77,可用余额,0.0,2019-01-26 05:10:02,CHARGE,Charge,WI000298597006PR,WOSP Order
UB840911642YP,CNY,5.02,可用余额,0.0,2019-01-26 05:08:38,CHARGE,Charge,WI000298596400PR,WOSP Order
UB840911259YP,CNY,5.2,可用余额,0.0,2019-01-26 05:06:21,CHARGE,Charge,WI000298595559PR,WOSP Order
UB838395083YP,CNY,5.02,可用余额,0.0,2019-01-26 05:03:27,CHARGE,Charge,WI000298593865PR,WOSP Order
UB839229927YP,CNY,5.98,可用余额,0.0,2019-01-26 05:00:12,CHARGE,Charge,WI000298589089PR,WOSP Order
UB838394701YP,CNY,7.74,可用余额,0.0,2019-01-26 04:42:15,CHARGE,Charge,WI000298572229PR,WOSP Order
WI000298129687PR,CNY,8.0,可用余额,0.0,2019-01-25 21:20:55,CHARGE,Charge,WI000298129971PR,Recharge Transaction
WI000298129687PR,CNY,0.0,可用余额,2000.0,2019-01-25 21:20:55,RECHARGE,Recharge,WI000298129687PR,Recharge Transaction
WI000083538550EPC,CNY,1.0,可用余额,0.0,2019-01-25 20:49:45,CHARGE,Charge,WI000298097365PR,WOSP Order
WI000083538360EPC,CNY,1.0,可用余额,0.0,2019-01-25 20:33:05,CHARGE,Charge,WI000298075795PR,WOSP Order
WI000088568156EPC,CNY,2.6,可用余额,0.0,2019-01-25 18:15:50,CHARGE,Charge,WI000297899984PR,WOSP Order
WI000088569960EPC,CNY,9.88,可用余额,0.0,2019-01-25 18:12:29,CHARGE,Charge,WI000297884365PR,WOSP Order
RQ878904045CN,CNY,19.19,可用余额,0.0,2019-01-25 16:22:39,CHARGE,Charge,WI000297740512PR,WOSP Order
RQ878903901CN,CNY,27.58,可用余额,0.0,2019-01-25 15:44:43,CHARGE,Charge,WI000297681532PR,WOSP Order
UB837997042YP,CNY,6.1,可用余额,0.0,2019-01-25 11:45:31,CHARGE,Charge,WI000297297034PR,WOSP Order
UB837997087YP,CNY,9.38,可用余额,0.0,2019-01-25 11:21:58,CHARGE,Charge,WI000297249635PR,WOSP Order
UB837996824YP,CNY,5.27,可用余额,0.0,2019-01-25 11:14:29,CHARGE,Charge,WI000297223064PR,WOSP Order
UB837997039YP,CNY,5.22,可用余额,0.0,2019-01-25 10:54:08,CHARGE,Charge,WI000297157243PR,WOSP Order
UB837996872YP,CNY,5.38,可用余额,0.0,2019-01-25 10:42:41,CHARGE,Charge,WI000297122706PR,WOSP Order
UB837996930YP,CNY,3.33,可用余额,0.0,2019-01-25 10:23:56,CHARGE,Charge,WI000297057163PR,WOSP Order
UB837997161YP,CNY,4.95,可用余额,0.0,2019-01-25 09:28:46,CHARGE,Charge,WI000296916234PR,WOSP Order
UB837997303YP,CNY,4.63,可用余额,0.0,2019-01-25 09:17:02,CHARGE,Charge,WI000296873742PR,WOSP Order
UB837997189YP,CNY,5.85,可用余额,0.0,2019-01-25 08:47:42,CHARGE,Charge,WI000296784994PR,WOSP Order
UB837996753YP,CNY,10.14,可用余额,0.0,2019-01-25 08:47:04,CHARGE,Charge,WI000296783648PR,WOSP Order
UB837997008YP,CNY,8.66,可用余额,0.0,2019-01-25 08:36:36,CHARGE,Charge,WI000296756433PR,WOSP Order
UB837996988YP,CNY,9.2,可用余额,0.0,2019-01-25 08:27:26,CHARGE,Charge,WI000296738249PR,WOSP Order
UB837996815YP,CNY,4.95,可用余额,0.0,2019-01-25 07:59:31,CHARGE,Charge,WI000296691004PR,WOSP Order
UB837996912YP,CNY,4.41,可用余额,0.0,2019-01-25 07:56:18,CHARGE,Charge,WI000296686824PR,WOSP Order
UB837997135YP,CNY,5.2,可用余额,0.0,2019-01-25 07:36:34,CHARGE,Charge,WI000296665840PR,WOSP Order
UB837997100YP,CNY,5.13,可用余额,0.0,2019-01-25 07:30:53,CHARGE,Charge,WI000296658078PR,WOSP Order
UB834696370YP,CNY,5.5,可用余额,0.0,2019-01-24 21:08:10,CHARGE,Charge,WI000296085012PR,WOSP Order
